code,name,category_name,brand_name,model,serial_number,description,condition
AST00001,"Netgear Peripherals Advanced",Peripherals,Netgear,"Advanced 3896",SN00000001,"Professional grade - Unit 1",damage
AST00002,"Samsung Audio Lite",Audio,Samsung,"Lite 8743",SN00000002,"Desktop unit - Unit 2",damage
AST00003,"Microsoft Projectors Standard",Projectors,Microsoft,"Standard 2526",SN00000003,"Desktop unit - Unit 3",good
AST00004,"Netgear Networking Advanced",Networking,Netgear,"Advanced 8925",SN00000004,"Compact model - Unit 4",good
AST00005,"Netgear Projectors Standard",Projectors,Netgear,"Standard 3680",SN00000005,"Portable device - Unit 5",damage
AST00006,"Microsoft Storage Basic",Storage,Microsoft,"Basic 3326",SN00000006,"Compact model - Unit 6",damage
AST00007,"Microsoft Printers Premium",Printers,Microsoft,"Premium 3147",SN00000007,"Reliable office equipment - Unit 7",damage
AST00008,"Microsoft Computers Premium",Computers,Microsoft,"Premium 5127",SN00000008,"Industrial equipment - Unit 8",damage
AST00009,"HP Peripherals Pro",Peripherals,HP,"Pro 8060",SN00000009,"High-performance device - Unit 9",good
AST00010,"Netgear Monitors Standard",Monitors,Netgear,"Standard 8402",SN00000010,"Enterprise solution - Unit 10",damage
AST00011,"Canon Printers Ultra",Printers,Canon,"Ultra 6494",SN00000011,"Enterprise solution - Unit 11",good
AST00012,"HP Networking Lite",Networking,HP,"Lite 2091",SN00000012,"Budget friendly - Unit 12",damage
AST00013,"Samsung Storage Max",Storage,Samsung,"Max 6407",SN00000013,"Budget friendly - Unit 13",good
AST00014,"Corsair Peripherals Pro",Peripherals,Corsair,"Pro 9751",SN00000014,"Enterprise solution - Unit 14",good
AST00015,"Logitech Computers Standard",Computers,Logitech,"Standard 5108",SN00000015,"Enterprise solution - Unit 15",damage
AST00016,"Logitech Monitors Max",Monitors,Logitech,"Max 6009",SN00000016,"Desktop unit - Unit 16",damage
AST00017,"Microsoft Monitors Ultra",Monitors,Microsoft,"Ultra 9808",SN00000017,"High-performance device - Unit 17",good
AST00018,"ASUS Computers Basic",Computers,ASUS,"Basic 3354",SN00000018,"Budget friendly - Unit 18",good
AST00019,"Corsair Cameras Plus",Cameras,Corsair,"Plus 9313",SN00000019,"Enterprise solution - Unit 19",damage
AST00020,"Lenovo Networking Pro",Networking,Lenovo,"Pro 8606",SN00000020,"Consumer grade - Unit 20",damage
AST00021,"Acer Audio Basic",Audio,Acer,"Basic 3012",SN00000021,"High-performance device - Unit 21",damage
AST00022,"Logitech Accessories Premium",Accessories,Logitech,"Premium 4584",SN00000022,"Enterprise solution - Unit 22",good
AST00023,"LG Computers Advanced",Computers,LG,"Advanced 8416",SN00000023,"Consumer grade - Unit 23",good
AST00024,"Apple Audio Plus",Audio,Apple,"Plus 1141",SN00000024,"Desktop unit - Unit 24",damage
AST00025,"Epson Accessories Plus",Accessories,Epson,"Plus 2177",SN00000025,"Industrial equipment - Unit 25",good
AST00026,"Lenovo Projectors Deluxe",Projectors,Lenovo,"Deluxe 9351",SN00000026,"Reliable office equipment - Unit 26",damage
AST00027,"Epson Accessories Max",Accessories,Epson,"Max 9053",SN00000027,"Professional grade - Unit 27",damage
AST00028,"Samsung Computers Standard",Computers,Samsung,"Standard 6444",SN00000028,"High-performance device - Unit 28",damage
AST00029,"Samsung Cameras Deluxe",Cameras,Samsung,"Deluxe 8625",SN00000029,"Desktop unit - Unit 29",good
AST00030,"Canon Computers Lite",Computers,Canon,"Lite 3570",SN00000030,"Industrial equipment - Unit 30",damage
AST00031,"HP Networking Basic",Networking,HP,"Basic 5733",SN00000031,"Consumer grade - Unit 31",good
AST00032,"ASUS Accessories Pro",Accessories,ASUS,"Pro 8143",SN00000032,"Portable device - Unit 32",good
AST00033,"LG Audio Basic",Audio,LG,"Basic 6273",SN00000033,"Consumer grade - Unit 33",damage
AST00034,"LG Projectors Plus",Projectors,LG,"Plus 6442",SN00000034,"High-performance device - Unit 34",damage
AST00035,"Lenovo Networking Basic",Networking,Lenovo,"Basic 6751",SN00000035,"Industrial equipment - Unit 35",good
AST00036,"Apple Audio Max",Audio,Apple,"Max 7807",SN00000036,"Professional grade - Unit 36",damage
AST00037,"Razer Audio Advanced",Audio,Razer,"Advanced 3860",SN00000037,"Reliable office equipment - Unit 37",good
AST00038,"Dell Projectors Lite",Projectors,Dell,"Lite 8407",SN00000038,"Portable device - Unit 38",good
AST00039,"Lenovo Printers Deluxe",Printers,Lenovo,"Deluxe 5023",SN00000039,"High-performance device - Unit 39",damage
AST00040,"ASUS Printers Pro",Printers,ASUS,"Pro 9356",SN00000040,"Desktop unit - Unit 40",good
AST00041,"Microsoft Projectors Deluxe",Projectors,Microsoft,"Deluxe 2418",SN00000041,"Professional grade - Unit 41",good
AST00042,"Netgear Peripherals Advanced",Peripherals,Netgear,"Advanced 5073",SN00000042,"Desktop unit - Unit 42",damage
AST00043,"Epson Computers Pro",Computers,Epson,"Pro 5821",SN00000043,"Professional grade - Unit 43",damage
AST00044,"LG Storage Basic",Storage,LG,"Basic 4049",SN00000044,"Enterprise solution - Unit 44",damage
AST00045,"Razer Storage Pro",Storage,Razer,"Pro 8403",SN00000045,"Reliable office equipment - Unit 45",good
AST00046,"Samsung Cameras Basic",Cameras,Samsung,"Basic 1388",SN00000046,"Budget friendly - Unit 46",damage
AST00047,"Razer Peripherals Basic",Peripherals,Razer,"Basic 5534",SN00000047,"Professional grade - Unit 47",good
AST00048,"Lenovo Accessories Ultra",Accessories,Lenovo,"Ultra 2008",SN00000048,"Compact model - Unit 48",good
AST00049,"Canon Cameras Max",Cameras,Canon,"Max 7496",SN00000049,"Portable device - Unit 49",damage
AST00050,"Lenovo Monitors Premium",Monitors,Lenovo,"Premium 9043",SN00000050,"Industrial equipment - Unit 50",good
AST00051,"ASUS Networking Standard",Networking,ASUS,"Standard 9182",SN00000051,"High-performance device - Unit 51",damage
AST00052,"ASUS Cameras Ultra",Cameras,ASUS,"Ultra 8651",SN00000052,"Desktop unit - Unit 52",damage
AST00053,"Microsoft Monitors Basic",Monitors,Microsoft,"Basic 5791",SN00000053,"Portable device - Unit 53",damage
AST00054,"Microsoft Accessories Pro",Accessories,Microsoft,"Pro 1016",SN00000054,"Budget friendly - Unit 54",damage
AST00055,"Samsung Storage Deluxe",Storage,Samsung,"Deluxe 6488",SN00000055,"Budget friendly - Unit 55",good
AST00056,"Microsoft Storage Pro",Storage,Microsoft,"Pro 1453",SN00000056,"Reliable office equipment - Unit 56",damage
AST00057,"Samsung Monitors Lite",Monitors,Samsung,"Lite 1510",SN00000057,"Industrial equipment - Unit 57",good
AST00058,"Dell Audio Advanced",Audio,Dell,"Advanced 3529",SN00000058,"Portable device - Unit 58",damage
AST00059,"Razer Storage Standard",Storage,Razer,"Standard 8810",SN00000059,"Industrial equipment - Unit 59",damage
AST00060,"ASUS Accessories Standard",Accessories,ASUS,"Standard 5924",SN00000060,"Reliable office equipment - Unit 60",damage
AST00061,"Netgear Cameras Pro",Cameras,Netgear,"Pro 9510",SN00000061,"Portable device - Unit 61",good
AST00062,"Dell Computers Pro",Computers,Dell,"Pro 2140",SN00000062,"Portable device - Unit 62",damage
AST00063,"Microsoft Networking Premium",Networking,Microsoft,"Premium 7955",SN00000063,"Enterprise solution - Unit 63",good
AST00064,"Microsoft Networking Max",Networking,Microsoft,"Max 9352",SN00000064,"Desktop unit - Unit 64",good
AST00065,"Dell Cameras Ultra",Cameras,Dell,"Ultra 8236",SN00000065,"Budget friendly - Unit 65",damage
AST00066,"Corsair Peripherals Standard",Peripherals,Corsair,"Standard 3611",SN00000066,"Industrial equipment - Unit 66",damage
AST00067,"Canon Audio Standard",Audio,Canon,"Standard 5038",SN00000067,"Industrial equipment - Unit 67",damage
AST00068,"Corsair Projectors Pro",Projectors,Corsair,"Pro 9312",SN00000068,"Compact model - Unit 68",good
AST00069,"HP Peripherals Max",Peripherals,HP,"Max 2204",SN00000069,"Consumer grade - Unit 69",good
AST00070,"Dell Printers Premium",Printers,Dell,"Premium 2795",SN00000070,"Portable device - Unit 70",good
AST00071,"LG Printers Basic",Printers,LG,"Basic 9648",SN00000071,"Professional grade - Unit 71",good
AST00072,"Apple Storage Ultra",Storage,Apple,"Ultra 4238",SN00000072,"Desktop unit - Unit 72",damage
AST00073,"Microsoft Accessories Ultra",Accessories,Microsoft,"Ultra 6716",SN00000073,"Consumer grade - Unit 73",damage
AST00074,"Acer Audio Standard",Audio,Acer,"Standard 4072",SN00000074,"Compact model - Unit 74",damage
AST00075,"Microsoft Monitors Premium",Monitors,Microsoft,"Premium 3909",SN00000075,"High-performance device - Unit 75",good
AST00076,"Canon Printers Pro",Printers,Canon,"Pro 5001",SN00000076,"Professional grade - Unit 76",damage
AST00077,"Canon Projectors Standard",Projectors,Canon,"Standard 9398",SN00000077,"Desktop unit - Unit 77",damage
AST00078,"HP Accessories Pro",Accessories,HP,"Pro 1560",SN00000078,"High-performance device - Unit 78",damage
AST00079,"LG Cameras Premium",Cameras,LG,"Premium 7135",SN00000079,"Reliable office equipment - Unit 79",good
AST00080,"Logitech Computers Deluxe",Computers,Logitech,"Deluxe 4269",SN00000080,"Portable device - Unit 80",damage
AST00081,"Razer Projectors Premium",Projectors,Razer,"Premium 5431",SN00000081,"Portable device - Unit 81",damage
AST00082,"HP Computers Max",Computers,HP,"Max 1815",SN00000082,"Compact model - Unit 82",damage
AST00083,"ASUS Projectors Plus",Projectors,ASUS,"Plus 8288",SN00000083,"Consumer grade - Unit 83",damage
AST00084,"LG Audio Pro",Audio,LG,"Pro 2215",SN00000084,"Industrial equipment - Unit 84",damage
AST00085,"Microsoft Computers Advanced",Computers,Microsoft,"Advanced 8038",SN00000085,"Budget friendly - Unit 85",good
AST00086,"Lenovo Printers Max",Printers,Lenovo,"Max 7893",SN00000086,"Reliable office equipment - Unit 86",good
AST00087,"Samsung Cameras Max",Cameras,Samsung,"Max 5179",SN00000087,"Desktop unit - Unit 87",good
AST00088,"Razer Audio Plus",Audio,Razer,"Plus 2141",SN00000088,"High-performance device - Unit 88",good
AST00089,"Microsoft Networking Plus",Networking,Microsoft,"Plus 8535",SN00000089,"Portable device - Unit 89",damage
AST00090,"Lenovo Peripherals Advanced",Peripherals,Lenovo,"Advanced 4950",SN00000090,"Industrial equipment - Unit 90",damage
AST00091,"HP Peripherals Ultra",Peripherals,HP,"Ultra 9866",SN00000091,"Desktop unit - Unit 91",good
AST00092,"Corsair Computers Plus",Computers,Corsair,"Plus 3898",SN00000092,"Enterprise solution - Unit 92",damage
AST00093,"Dell Networking Lite",Networking,Dell,"Lite 7296",SN00000093,"Reliable office equipment - Unit 93",good
AST00094,"LG Storage Deluxe",Storage,LG,"Deluxe 1204",SN00000094,"Enterprise solution - Unit 94",damage
AST00095,"Samsung Printers Plus",Printers,Samsung,"Plus 5295",SN00000095,"Budget friendly - Unit 95",damage
AST00096,"HP Printers Deluxe",Printers,HP,"Deluxe 4564",SN00000096,"Budget friendly - Unit 96",good
AST00097,"Apple Computers Advanced",Computers,Apple,"Advanced 2173",SN00000097,"Desktop unit - Unit 97",damage
AST00098,"Epson Peripherals Max",Peripherals,Epson,"Max 5694",SN00000098,"Reliable office equipment - Unit 98",good
AST00099,"Logitech Projectors Lite",Projectors,Logitech,"Lite 5511",SN00000099,"Industrial equipment - Unit 99",damage
AST00100,"Samsung Printers Advanced",Printers,Samsung,"Advanced 1831",SN00000100,"Reliable office equipment - Unit 100",damage
AST00101,"Corsair Cameras Standard",Cameras,Corsair,"Standard 7481",SN00000101,"Budget friendly - Unit 101",damage
AST00102,"Dell Accessories Premium",Accessories,Dell,"Premium 6548",SN00000102,"Consumer grade - Unit 102",damage
AST00103,"Razer Peripherals Plus",Peripherals,Razer,"Plus 7238",SN00000103,"Desktop unit - Unit 103",damage
AST00104,"Canon Accessories Plus",Accessories,Canon,"Plus 6167",SN00000104,"Enterprise solution - Unit 104",damage
AST00105,"Samsung Printers Pro",Printers,Samsung,"Pro 7503",SN00000105,"Reliable office equipment - Unit 105",damage
AST00106,"Canon Storage Pro",Storage,Canon,"Pro 2395",SN00000106,"Industrial equipment - Unit 106",damage
AST00107,"Lenovo Networking Premium",Networking,Lenovo,"Premium 8535",SN00000107,"Portable device - Unit 107",good
AST00108,"Logitech Computers Pro",Computers,Logitech,"Pro 7106",SN00000108,"Enterprise solution - Unit 108",good
AST00109,"Corsair Printers Lite",Printers,Corsair,"Lite 8053",SN00000109,"Desktop unit - Unit 109",good
AST00110,"Acer Cameras Basic",Cameras,Acer,"Basic 5268",SN00000110,"Enterprise solution - Unit 110",good
AST00111,"Netgear Computers Standard",Computers,Netgear,"Standard 8016",SN00000111,"Reliable office equipment - Unit 111",good
AST00112,"LG Printers Max",Printers,LG,"Max 6924",SN00000112,"Budget friendly - Unit 112",damage
AST00113,"Microsoft Monitors Standard",Monitors,Microsoft,"Standard 6747",SN00000113,"Enterprise solution - Unit 113",good
AST00114,"Razer Monitors Pro",Monitors,Razer,"Pro 2016",SN00000114,"Portable device - Unit 114",damage
AST00115,"Netgear Networking Deluxe",Networking,Netgear,"Deluxe 4248",SN00000115,"Consumer grade - Unit 115",good
AST00116,"Dell Peripherals Deluxe",Peripherals,Dell,"Deluxe 9017",SN00000116,"Professional grade - Unit 116",damage
AST00117,"Samsung Peripherals Basic",Peripherals,Samsung,"Basic 6712",SN00000117,"Budget friendly - Unit 117",good
AST00118,"Netgear Monitors Standard",Monitors,Netgear,"Standard 3121",SN00000118,"Portable device - Unit 118",damage
AST00119,"Apple Storage Deluxe",Storage,Apple,"Deluxe 8262",SN00000119,"Professional grade - Unit 119",good
AST00120,"Microsoft Monitors Pro",Monitors,Microsoft,"Pro 7990",SN00000120,"Desktop unit - Unit 120",good
AST00121,"Canon Computers Premium",Computers,Canon,"Premium 8878",SN00000121,"Consumer grade - Unit 121",good
AST00122,"HP Cameras Plus",Cameras,HP,"Plus 5958",SN00000122,"High-performance device - Unit 122",damage
AST00123,"Logitech Monitors Lite",Monitors,Logitech,"Lite 4706",SN00000123,"Compact model - Unit 123",good
AST00124,"Logitech Computers Ultra",Computers,Logitech,"Ultra 3673",SN00000124,"Enterprise solution - Unit 124",good
AST00125,"Razer Printers Plus",Printers,Razer,"Plus 8134",SN00000125,"Reliable office equipment - Unit 125",damage
AST00126,"Apple Accessories Pro",Accessories,Apple,"Pro 9145",SN00000126,"Portable device - Unit 126",damage
AST00127,"Logitech Networking Standard",Networking,Logitech,"Standard 3975",SN00000127,"Desktop unit - Unit 127",damage
AST00128,"Lenovo Computers Deluxe",Computers,Lenovo,"Deluxe 6158",SN00000128,"Industrial equipment - Unit 128",damage
AST00129,"Lenovo Accessories Standard",Accessories,Lenovo,"Standard 7133",SN00000129,"Enterprise solution - Unit 129",good
AST00130,"Lenovo Accessories Plus",Accessories,Lenovo,"Plus 3573",SN00000130,"Desktop unit - Unit 130",damage
AST00131,"Netgear Monitors Ultra",Monitors,Netgear,"Ultra 8641",SN00000131,"Desktop unit - Unit 131",damage
AST00132,"Lenovo Printers Deluxe",Printers,Lenovo,"Deluxe 8508",SN00000132,"Compact model - Unit 132",damage
AST00133,"LG Projectors Basic",Projectors,LG,"Basic 1000",SN00000133,"Budget friendly - Unit 133",damage
AST00134,"Netgear Accessories Plus",Accessories,Netgear,"Plus 3223",SN00000134,"Reliable office equipment - Unit 134",good
AST00135,"Corsair Storage Deluxe",Storage,Corsair,"Deluxe 5580",SN00000135,"Reliable office equipment - Unit 135",damage
AST00136,"Apple Computers Premium",Computers,Apple,"Premium 1363",SN00000136,"Consumer grade - Unit 136",damage
AST00137,"Netgear Storage Deluxe",Storage,Netgear,"Deluxe 2907",SN00000137,"High-performance device - Unit 137",good
AST00138,"Samsung Networking Premium",Networking,Samsung,"Premium 9764",SN00000138,"Budget friendly - Unit 138",damage
AST00139,"Logitech Cameras Plus",Cameras,Logitech,"Plus 3593",SN00000139,"Consumer grade - Unit 139",damage
AST00140,"Netgear Networking Premium",Networking,Netgear,"Premium 3057",SN00000140,"Budget friendly - Unit 140",damage
AST00141,"Microsoft Computers Advanced",Computers,Microsoft,"Advanced 2284",SN00000141,"Enterprise solution - Unit 141",damage
AST00142,"Netgear Peripherals Ultra",Peripherals,Netgear,"Ultra 7503",SN00000142,"Desktop unit - Unit 142",damage
AST00143,"Netgear Networking Plus",Networking,Netgear,"Plus 6845",SN00000143,"Enterprise solution - Unit 143",damage
AST00144,"Epson Storage Pro",Storage,Epson,"Pro 3753",SN00000144,"Portable device - Unit 144",damage
AST00145,"HP Storage Lite",Storage,HP,"Lite 4133",SN00000145,"Budget friendly - Unit 145",damage
AST00146,"Epson Accessories Deluxe",Accessories,Epson,"Deluxe 2806",SN00000146,"Compact model - Unit 146",good
AST00147,"Dell Networking Premium",Networking,Dell,"Premium 2428",SN00000147,"Industrial equipment - Unit 147",good
AST00148,"Canon Monitors Ultra",Monitors,Canon,"Ultra 3735",SN00000148,"Enterprise solution - Unit 148",good
AST00149,"Apple Computers Lite",Computers,Apple,"Lite 9052",SN00000149,"Industrial equipment - Unit 149",good
AST00150,"Corsair Computers Standard",Computers,Corsair,"Standard 5688",SN00000150,"Consumer grade - Unit 150",good
AST00151,"Corsair Accessories Deluxe",Accessories,Corsair,"Deluxe 6581",SN00000151,"High-performance device - Unit 151",damage
AST00152,"Corsair Peripherals Basic",Peripherals,Corsair,"Basic 3306",SN00000152,"Professional grade - Unit 152",damage
AST00153,"ASUS Computers Plus",Computers,ASUS,"Plus 2080",SN00000153,"Enterprise solution - Unit 153",damage
AST00154,"Epson Accessories Basic",Accessories,Epson,"Basic 1269",SN00000154,"Consumer grade - Unit 154",damage
AST00155,"Logitech Projectors Lite",Projectors,Logitech,"Lite 8764",SN00000155,"Budget friendly - Unit 155",good
AST00156,"Logitech Audio Standard",Audio,Logitech,"Standard 2232",SN00000156,"Industrial equipment - Unit 156",damage
AST00157,"ASUS Projectors Lite",Projectors,ASUS,"Lite 7796",SN00000157,"Consumer grade - Unit 157",good
AST00158,"Epson Storage Standard",Storage,Epson,"Standard 6254",SN00000158,"High-performance device - Unit 158",damage
AST00159,"Netgear Printers Ultra",Printers,Netgear,"Ultra 6121",SN00000159,"Portable device - Unit 159",damage
AST00160,"Epson Peripherals Advanced",Peripherals,Epson,"Advanced 4440",SN00000160,"Desktop unit - Unit 160",damage
AST00161,"Samsung Computers Basic",Computers,Samsung,"Basic 7450",SN00000161,"Budget friendly - Unit 161",good
AST00162,"Lenovo Networking Max",Networking,Lenovo,"Max 3115",SN00000162,"Consumer grade - Unit 162",good
AST00163,"Acer Computers Max",Computers,Acer,"Max 8064",SN00000163,"Budget friendly - Unit 163",good
AST00164,"Lenovo Storage Deluxe",Storage,Lenovo,"Deluxe 8685",SN00000164,"Reliable office equipment - Unit 164",damage
AST00165,"Dell Peripherals Max",Peripherals,Dell,"Max 5734",SN00000165,"Compact model - Unit 165",good
AST00166,"Dell Peripherals Plus",Peripherals,Dell,"Plus 3000",SN00000166,"Industrial equipment - Unit 166",good
AST00167,"Lenovo Audio Lite",Audio,Lenovo,"Lite 6143",SN00000167,"High-performance device - Unit 167",damage
AST00168,"Epson Peripherals Pro",Peripherals,Epson,"Pro 9236",SN00000168,"High-performance device - Unit 168",good
AST00169,"ASUS Printers Plus",Printers,ASUS,"Plus 1067",SN00000169,"Budget friendly - Unit 169",damage
AST00170,"Samsung Projectors Plus",Projectors,Samsung,"Plus 6356",SN00000170,"Compact model - Unit 170",damage
AST00171,"LG Computers Advanced",Computers,LG,"Advanced 7156",SN00000171,"Desktop unit - Unit 171",damage
AST00172,"HP Peripherals Deluxe",Peripherals,HP,"Deluxe 4622",SN00000172,"Compact model - Unit 172",damage
AST00173,"Lenovo Audio Plus",Audio,Lenovo,"Plus 1203",SN00000173,"Portable device - Unit 173",damage
AST00174,"Samsung Peripherals Plus",Peripherals,Samsung,"Plus 3145",SN00000174,"Professional grade - Unit 174",damage
AST00175,"Apple Computers Standard",Computers,Apple,"Standard 9013",SN00000175,"Consumer grade - Unit 175",damage
AST00176,"LG Computers Max",Computers,LG,"Max 3654",SN00000176,"Budget friendly - Unit 176",good
AST00177,"Logitech Cameras Plus",Cameras,Logitech,"Plus 3184",SN00000177,"Compact model - Unit 177",damage
AST00178,"Samsung Networking Standard",Networking,Samsung,"Standard 4465",SN00000178,"Consumer grade - Unit 178",damage
AST00179,"Netgear Peripherals Basic",Peripherals,Netgear,"Basic 9331",SN00000179,"Consumer grade - Unit 179",damage
AST00180,"Acer Monitors Deluxe",Monitors,Acer,"Deluxe 2620",SN00000180,"Portable device - Unit 180",good
AST00181,"HP Networking Max",Networking,HP,"Max 8785",SN00000181,"Consumer grade - Unit 181",good
AST00182,"Razer Peripherals Max",Peripherals,Razer,"Max 2477",SN00000182,"Professional grade - Unit 182",good
AST00183,"Logitech Printers Standard",Printers,Logitech,"Standard 4605",SN00000183,"Professional grade - Unit 183",damage
AST00184,"ASUS Cameras Lite",Cameras,ASUS,"Lite 3130",SN00000184,"Budget friendly - Unit 184",good
AST00185,"Razer Projectors Standard",Projectors,Razer,"Standard 6877",SN00000185,"Consumer grade - Unit 185",damage
AST00186,"Logitech Computers Max",Computers,Logitech,"Max 8071",SN00000186,"Compact model - Unit 186",good
AST00187,"Netgear Projectors Standard",Projectors,Netgear,"Standard 5395",SN00000187,"Compact model - Unit 187",damage
AST00188,"Logitech Audio Ultra",Audio,Logitech,"Ultra 5615",SN00000188,"Budget friendly - Unit 188",good
AST00189,"Dell Monitors Deluxe",Monitors,Dell,"Deluxe 4525",SN00000189,"High-performance device - Unit 189",damage
AST00190,"LG Projectors Standard",Projectors,LG,"Standard 1327",SN00000190,"Professional grade - Unit 190",good
AST00191,"Samsung Monitors Max",Monitors,Samsung,"Max 1087",SN00000191,"Desktop unit - Unit 191",damage
AST00192,"Netgear Printers Basic",Printers,Netgear,"Basic 1837",SN00000192,"Reliable office equipment - Unit 192",good
AST00193,"Apple Computers Plus",Computers,Apple,"Plus 5395",SN00000193,"Portable device - Unit 193",damage
AST00194,"Acer Storage Basic",Storage,Acer,"Basic 3798",SN00000194,"Professional grade - Unit 194",good
AST00195,"ASUS Networking Max",Networking,ASUS,"Max 4883",SN00000195,"Industrial equipment - Unit 195",good
AST00196,"Logitech Projectors Pro",Projectors,Logitech,"Pro 1026",SN00000196,"Portable device - Unit 196",good
AST00197,"Acer Projectors Pro",Projectors,Acer,"Pro 7951",SN00000197,"Industrial equipment - Unit 197",good
AST00198,"Netgear Projectors Plus",Projectors,Netgear,"Plus 7578",SN00000198,"Compact model - Unit 198",good
AST00199,"Dell Peripherals Premium",Peripherals,Dell,"Premium 9928",SN00000199,"Portable device - Unit 199",damage
AST00200,"Corsair Printers Pro",Printers,Corsair,"Pro 7521",SN00000200,"Professional grade - Unit 200",damage
AST00201,"Epson Peripherals Advanced",Peripherals,Epson,"Advanced 9312",SN00000201,"Reliable office equipment - Unit 201",damage
AST00202,"Apple Computers Pro",Computers,Apple,"Pro 4858",SN00000202,"Compact model - Unit 202",good
AST00203,"LG Monitors Basic",Monitors,LG,"Basic 8152",SN00000203,"Industrial equipment - Unit 203",damage
AST00204,"Apple Networking Pro",Networking,Apple,"Pro 4554",SN00000204,"Portable device - Unit 204",good
AST00205,"Canon Accessories Max",Accessories,Canon,"Max 9865",SN00000205,"Desktop unit - Unit 205",damage
AST00206,"Lenovo Peripherals Plus",Peripherals,Lenovo,"Plus 8675",SN00000206,"High-performance device - Unit 206",good
AST00207,"Lenovo Networking Deluxe",Networking,Lenovo,"Deluxe 7097",SN00000207,"High-performance device - Unit 207",good
AST00208,"Microsoft Accessories Plus",Accessories,Microsoft,"Plus 7621",SN00000208,"High-performance device - Unit 208",damage
AST00209,"Netgear Cameras Deluxe",Cameras,Netgear,"Deluxe 4135",SN00000209,"Budget friendly - Unit 209",damage
AST00210,"Apple Monitors Lite",Monitors,Apple,"Lite 4676",SN00000210,"Professional grade - Unit 210",damage
AST00211,"Razer Storage Max",Storage,Razer,"Max 7634",SN00000211,"High-performance device - Unit 211",good
AST00212,"Samsung Peripherals Standard",Peripherals,Samsung,"Standard 6927",SN00000212,"Professional grade - Unit 212",damage
AST00213,"Apple Storage Ultra",Storage,Apple,"Ultra 4248",SN00000213,"Desktop unit - Unit 213",good
AST00214,"Razer Audio Max",Audio,Razer,"Max 6785",SN00000214,"Professional grade - Unit 214",good
AST00215,"Samsung Peripherals Pro",Peripherals,Samsung,"Pro 9375",SN00000215,"High-performance device - Unit 215",damage
AST00216,"Razer Peripherals Premium",Peripherals,Razer,"Premium 1520",SN00000216,"Professional grade - Unit 216",good
AST00217,"Dell Networking Basic",Networking,Dell,"Basic 3680",SN00000217,"Compact model - Unit 217",damage
AST00218,"Canon Audio Deluxe",Audio,Canon,"Deluxe 2398",SN00000218,"Industrial equipment - Unit 218",good
AST00219,"Lenovo Printers Standard",Printers,Lenovo,"Standard 9530",SN00000219,"Consumer grade - Unit 219",damage
AST00220,"Epson Networking Plus",Networking,Epson,"Plus 7359",SN00000220,"Portable device - Unit 220",damage
AST00221,"Canon Printers Pro",Printers,Canon,"Pro 6449",SN00000221,"High-performance device - Unit 221",good
AST00222,"Acer Peripherals Premium",Peripherals,Acer,"Premium 3456",SN00000222,"Professional grade - Unit 222",good
AST00223,"LG Peripherals Max",Peripherals,LG,"Max 3128",SN00000223,"Professional grade - Unit 223",damage
AST00224,"Logitech Audio Deluxe",Audio,Logitech,"Deluxe 7692",SN00000224,"Enterprise solution - Unit 224",good
AST00225,"Dell Storage Deluxe",Storage,Dell,"Deluxe 3092",SN00000225,"Enterprise solution - Unit 225",damage
AST00226,"LG Accessories Plus",Accessories,LG,"Plus 3890",SN00000226,"Desktop unit - Unit 226",good
AST00227,"Dell Peripherals Deluxe",Peripherals,Dell,"Deluxe 5819",SN00000227,"Reliable office equipment - Unit 227",good
AST00228,"Lenovo Audio Lite",Audio,Lenovo,"Lite 3833",SN00000228,"Consumer grade - Unit 228",damage
AST00229,"Apple Networking Lite",Networking,Apple,"Lite 8144",SN00000229,"Compact model - Unit 229",damage
AST00230,"Logitech Storage Max",Storage,Logitech,"Max 3233",SN00000230,"Portable device - Unit 230",good
AST00231,"HP Computers Standard",Computers,HP,"Standard 8487",SN00000231,"Reliable office equipment - Unit 231",damage
AST00232,"ASUS Audio Advanced",Audio,ASUS,"Advanced 8993",SN00000232,"High-performance device - Unit 232",damage
AST00233,"Netgear Printers Advanced",Printers,Netgear,"Advanced 5516",SN00000233,"Portable device - Unit 233",good
AST00234,"Samsung Projectors Basic",Projectors,Samsung,"Basic 9795",SN00000234,"Industrial equipment - Unit 234",damage
AST00235,"HP Cameras Plus",Cameras,HP,"Plus 8360",SN00000235,"Reliable office equipment - Unit 235",good
AST00236,"Samsung Accessories Ultra",Accessories,Samsung,"Ultra 8726",SN00000236,"Portable device - Unit 236",damage
AST00237,"Apple Peripherals Premium",Peripherals,Apple,"Premium 4677",SN00000237,"Reliable office equipment - Unit 237",damage
AST00238,"Acer Cameras Premium",Cameras,Acer,"Premium 4083",SN00000238,"Professional grade - Unit 238",damage
AST00239,"Corsair Printers Deluxe",Printers,Corsair,"Deluxe 3433",SN00000239,"Consumer grade - Unit 239",damage
AST00240,"Canon Projectors Plus",Projectors,Canon,"Plus 7370",SN00000240,"Professional grade - Unit 240",good
AST00241,"Netgear Accessories Plus",Accessories,Netgear,"Plus 2707",SN00000241,"Industrial equipment - Unit 241",damage
AST00242,"Canon Cameras Standard",Cameras,Canon,"Standard 4304",SN00000242,"Budget friendly - Unit 242",damage
AST00243,"Samsung Projectors Plus",Projectors,Samsung,"Plus 5336",SN00000243,"High-performance device - Unit 243",damage
AST00244,"Apple Cameras Ultra",Cameras,Apple,"Ultra 5656",SN00000244,"Professional grade - Unit 244",good
AST00245,"Razer Audio Lite",Audio,Razer,"Lite 3755",SN00000245,"Professional grade - Unit 245",good
AST00246,"Dell Computers Premium",Computers,Dell,"Premium 1969",SN00000246,"Reliable office equipment - Unit 246",good
AST00247,"Epson Audio Max",Audio,Epson,"Max 3388",SN00000247,"Enterprise solution - Unit 247",damage
AST00248,"Logitech Printers Max",Printers,Logitech,"Max 3276",SN00000248,"Compact model - Unit 248",good
AST00249,"Epson Projectors Max",Projectors,Epson,"Max 5702",SN00000249,"Reliable office equipment - Unit 249",damage
AST00250,"Microsoft Audio Advanced",Audio,Microsoft,"Advanced 9106",SN00000250,"Industrial equipment - Unit 250",damage
AST00251,"Epson Projectors Basic",Projectors,Epson,"Basic 7696",SN00000251,"Reliable office equipment - Unit 251",damage
AST00252,"Acer Monitors Pro",Monitors,Acer,"Pro 4144",SN00000252,"Budget friendly - Unit 252",good
AST00253,"Samsung Cameras Deluxe",Cameras,Samsung,"Deluxe 4258",SN00000253,"High-performance device - Unit 253",damage
AST00254,"Microsoft Storage Max",Storage,Microsoft,"Max 9325",SN00000254,"Industrial equipment - Unit 254",damage
AST00255,"Samsung Storage Plus",Storage,Samsung,"Plus 8766",SN00000255,"Portable device - Unit 255",damage
AST00256,"Epson Storage Premium",Storage,Epson,"Premium 4541",SN00000256,"Compact model - Unit 256",damage
AST00257,"HP Peripherals Lite",Peripherals,HP,"Lite 4060",SN00000257,"Professional grade - Unit 257",good
AST00258,"Apple Storage Pro",Storage,Apple,"Pro 9390",SN00000258,"Industrial equipment - Unit 258",damage
AST00259,"Canon Peripherals Pro",Peripherals,Canon,"Pro 6275",SN00000259,"Compact model - Unit 259",good
AST00260,"Lenovo Networking Advanced",Networking,Lenovo,"Advanced 9718",SN00000260,"Consumer grade - Unit 260",good
AST00261,"ASUS Printers Ultra",Printers,ASUS,"Ultra 1784",SN00000261,"Compact model - Unit 261",damage
AST00262,"Samsung Projectors Standard",Projectors,Samsung,"Standard 1786",SN00000262,"Desktop unit - Unit 262",good
AST00263,"Microsoft Printers Premium",Printers,Microsoft,"Premium 2982",SN00000263,"Professional grade - Unit 263",damage
AST00264,"HP Networking Advanced",Networking,HP,"Advanced 9329",SN00000264,"Consumer grade - Unit 264",good
AST00265,"Canon Projectors Max",Projectors,Canon,"Max 1205",SN00000265,"Reliable office equipment - Unit 265",damage
AST00266,"ASUS Projectors Deluxe",Projectors,ASUS,"Deluxe 5151",SN00000266,"High-performance device - Unit 266",good
AST00267,"Canon Monitors Plus",Monitors,Canon,"Plus 9478",SN00000267,"Industrial equipment - Unit 267",good
AST00268,"Microsoft Projectors Deluxe",Projectors,Microsoft,"Deluxe 5825",SN00000268,"Budget friendly - Unit 268",damage
AST00269,"HP Networking Max",Networking,HP,"Max 8217",SN00000269,"Budget friendly - Unit 269",good
AST00270,"Corsair Accessories Deluxe",Accessories,Corsair,"Deluxe 4541",SN00000270,"Professional grade - Unit 270",good
AST00271,"Acer Monitors Max",Monitors,Acer,"Max 9723",SN00000271,"Budget friendly - Unit 271",good
AST00272,"Canon Peripherals Advanced",Peripherals,Canon,"Advanced 9115",SN00000272,"Consumer grade - Unit 272",good
AST00273,"Razer Monitors Premium",Monitors,Razer,"Premium 6623",SN00000273,"Budget friendly - Unit 273",damage
AST00274,"Samsung Monitors Basic",Monitors,Samsung,"Basic 1927",SN00000274,"Professional grade - Unit 274",good
AST00275,"Logitech Monitors Pro",Monitors,Logitech,"Pro 2105",SN00000275,"Enterprise solution - Unit 275",good
AST00276,"Acer Projectors Basic",Projectors,Acer,"Basic 1945",SN00000276,"Industrial equipment - Unit 276",good
AST00277,"Corsair Storage Ultra",Storage,Corsair,"Ultra 7842",SN00000277,"High-performance device - Unit 277",damage
AST00278,"Acer Networking Pro",Networking,Acer,"Pro 9084",SN00000278,"Desktop unit - Unit 278",good
AST00279,"Acer Monitors Premium",Monitors,Acer,"Premium 9857",SN00000279,"Consumer grade - Unit 279",good
AST00280,"ASUS Networking Ultra",Networking,ASUS,"Ultra 4763",SN00000280,"Reliable office equipment - Unit 280",good
AST00281,"HP Peripherals Max",Peripherals,HP,"Max 9147",SN00000281,"Enterprise solution - Unit 281",good
AST00282,"Canon Monitors Standard",Monitors,Canon,"Standard 1949",SN00000282,"Compact model - Unit 282",good
AST00283,"Canon Peripherals Standard",Peripherals,Canon,"Standard 3637",SN00000283,"Reliable office equipment - Unit 283",damage
AST00284,"Epson Computers Lite",Computers,Epson,"Lite 7727",SN00000284,"Desktop unit - Unit 284",damage
AST00285,"Logitech Projectors Standard",Projectors,Logitech,"Standard 3947",SN00000285,"Enterprise solution - Unit 285",damage
AST00286,"Apple Audio Lite",Audio,Apple,"Lite 7176",SN00000286,"Portable device - Unit 286",damage
AST00287,"Epson Storage Lite",Storage,Epson,"Lite 7896",SN00000287,"Reliable office equipment - Unit 287",damage
AST00288,"Acer Computers Ultra",Computers,Acer,"Ultra 9453",SN00000288,"Desktop unit - Unit 288",damage
AST00289,"Razer Cameras Lite",Cameras,Razer,"Lite 4923",SN00000289,"High-performance device - Unit 289",good
AST00290,"Lenovo Computers Plus",Computers,Lenovo,"Plus 6422",SN00000290,"Budget friendly - Unit 290",damage
AST00291,"Epson Printers Max",Printers,Epson,"Max 3437",SN00000291,"Professional grade - Unit 291",good
AST00292,"HP Storage Basic",Storage,HP,"Basic 5519",SN00000292,"Portable device - Unit 292",damage
AST00293,"Netgear Cameras Premium",Cameras,Netgear,"Premium 6384",SN00000293,"Professional grade - Unit 293",damage
AST00294,"Microsoft Storage Plus",Storage,Microsoft,"Plus 7185",SN00000294,"Portable device - Unit 294",good
AST00295,"Epson Printers Basic",Printers,Epson,"Basic 2268",SN00000295,"Consumer grade - Unit 295",good
AST00296,"LG Networking Premium",Networking,LG,"Premium 2334",SN00000296,"Budget friendly - Unit 296",damage
AST00297,"HP Networking Advanced",Networking,HP,"Advanced 9247",SN00000297,"Reliable office equipment - Unit 297",damage
AST00298,"Canon Printers Standard",Printers,Canon,"Standard 8097",SN00000298,"Budget friendly - Unit 298",good
AST00299,"Netgear Audio Premium",Audio,Netgear,"Premium 2511",SN00000299,"Industrial equipment - Unit 299",damage
AST00300,"Epson Peripherals Ultra",Peripherals,Epson,"Ultra 7962",SN00000300,"Budget friendly - Unit 300",good
AST00301,"Razer Networking Pro",Networking,Razer,"Pro 7278",SN00000301,"Consumer grade - Unit 301",damage
AST00302,"Dell Storage Plus",Storage,Dell,"Plus 9907",SN00000302,"Industrial equipment - Unit 302",damage
AST00303,"Acer Computers Standard",Computers,Acer,"Standard 6595",SN00000303,"Professional grade - Unit 303",good
AST00304,"Microsoft Storage Plus",Storage,Microsoft,"Plus 4050",SN00000304,"Professional grade - Unit 304",damage
AST00305,"Corsair Peripherals Ultra",Peripherals,Corsair,"Ultra 4670",SN00000305,"Enterprise solution - Unit 305",damage
AST00306,"Microsoft Accessories Max",Accessories,Microsoft,"Max 6605",SN00000306,"Reliable office equipment - Unit 306",good
AST00307,"Apple Computers Lite",Computers,Apple,"Lite 2298",SN00000307,"Desktop unit - Unit 307",good
AST00308,"Epson Printers Deluxe",Printers,Epson,"Deluxe 8263",SN00000308,"High-performance device - Unit 308",good
AST00309,"Dell Storage Basic",Storage,Dell,"Basic 1441",SN00000309,"Portable device - Unit 309",good
AST00310,"Logitech Storage Ultra",Storage,Logitech,"Ultra 4482",SN00000310,"Desktop unit - Unit 310",good
AST00311,"ASUS Storage Basic",Storage,ASUS,"Basic 2870",SN00000311,"Consumer grade - Unit 311",damage
AST00312,"Acer Networking Max",Networking,Acer,"Max 4071",SN00000312,"Reliable office equipment - Unit 312",good
AST00313,"Logitech Audio Plus",Audio,Logitech,"Plus 9413",SN00000313,"Consumer grade - Unit 313",damage
AST00314,"ASUS Audio Standard",Audio,ASUS,"Standard 3371",SN00000314,"Enterprise solution - Unit 314",good
AST00315,"Acer Printers Basic",Printers,Acer,"Basic 4383",SN00000315,"Industrial equipment - Unit 315",good
AST00316,"Samsung Monitors Pro",Monitors,Samsung,"Pro 5588",SN00000316,"Budget friendly - Unit 316",damage
AST00317,"Acer Computers Plus",Computers,Acer,"Plus 6018",SN00000317,"Reliable office equipment - Unit 317",damage
AST00318,"Razer Audio Max",Audio,Razer,"Max 8524",SN00000318,"Professional grade - Unit 318",good
AST00319,"Epson Projectors Premium",Projectors,Epson,"Premium 3024",SN00000319,"Compact model - Unit 319",damage
AST00320,"Logitech Networking Standard",Networking,Logitech,"Standard 2930",SN00000320,"Consumer grade - Unit 320",good
AST00321,"Apple Audio Lite",Audio,Apple,"Lite 4464",SN00000321,"Budget friendly - Unit 321",good
AST00322,"Netgear Peripherals Advanced",Peripherals,Netgear,"Advanced 3254",SN00000322,"Industrial equipment - Unit 322",good
AST00323,"Lenovo Computers Advanced",Computers,Lenovo,"Advanced 4376",SN00000323,"Compact model - Unit 323",damage
AST00324,"Acer Cameras Lite",Cameras,Acer,"Lite 9241",SN00000324,"Enterprise solution - Unit 324",damage
AST00325,"Netgear Printers Basic",Printers,Netgear,"Basic 7927",SN00000325,"Budget friendly - Unit 325",good
AST00326,"Razer Accessories Advanced",Accessories,Razer,"Advanced 3211",SN00000326,"High-performance device - Unit 326",good
AST00327,"Epson Accessories Advanced",Accessories,Epson,"Advanced 2573",SN00000327,"Budget friendly - Unit 327",damage
AST00328,"Dell Audio Basic",Audio,Dell,"Basic 3682",SN00000328,"Industrial equipment - Unit 328",good
AST00329,"Canon Storage Lite",Storage,Canon,"Lite 4920",SN00000329,"Compact model - Unit 329",damage
AST00330,"Apple Storage Deluxe",Storage,Apple,"Deluxe 6646",SN00000330,"High-performance device - Unit 330",good
AST00331,"Netgear Monitors Lite",Monitors,Netgear,"Lite 2294",SN00000331,"Professional grade - Unit 331",good
AST00332,"Apple Accessories Premium",Accessories,Apple,"Premium 2207",SN00000332,"Enterprise solution - Unit 332",good
AST00333,"Razer Networking Advanced",Networking,Razer,"Advanced 7892",SN00000333,"Reliable office equipment - Unit 333",damage
AST00334,"Lenovo Projectors Standard",Projectors,Lenovo,"Standard 2514",SN00000334,"Industrial equipment - Unit 334",damage
AST00335,"Epson Projectors Basic",Projectors,Epson,"Basic 1765",SN00000335,"Professional grade - Unit 335",damage
AST00336,"LG Peripherals Lite",Peripherals,LG,"Lite 5424",SN00000336,"Compact model - Unit 336",damage
AST00337,"Dell Printers Pro",Printers,Dell,"Pro 3512",SN00000337,"Industrial equipment - Unit 337",damage
AST00338,"Corsair Accessories Pro",Accessories,Corsair,"Pro 9275",SN00000338,"Professional grade - Unit 338",damage
AST00339,"Canon Printers Max",Printers,Canon,"Max 6743",SN00000339,"Industrial equipment - Unit 339",good
AST00340,"Acer Computers Lite",Computers,Acer,"Lite 3504",SN00000340,"Reliable office equipment - Unit 340",good
AST00341,"Razer Cameras Standard",Cameras,Razer,"Standard 1671",SN00000341,"Professional grade - Unit 341",damage
AST00342,"LG Accessories Pro",Accessories,LG,"Pro 9536",SN00000342,"Professional grade - Unit 342",damage
AST00343,"Netgear Accessories Lite",Accessories,Netgear,"Lite 6495",SN00000343,"High-performance device - Unit 343",damage
AST00344,"Lenovo Storage Deluxe",Storage,Lenovo,"Deluxe 8049",SN00000344,"Compact model - Unit 344",good
AST00345,"Lenovo Peripherals Standard",Peripherals,Lenovo,"Standard 4820",SN00000345,"Budget friendly - Unit 345",good
AST00346,"Razer Accessories Lite",Accessories,Razer,"Lite 8770",SN00000346,"Compact model - Unit 346",good
AST00347,"LG Monitors Standard",Monitors,LG,"Standard 3684",SN00000347,"Industrial equipment - Unit 347",damage
AST00348,"Netgear Peripherals Deluxe",Peripherals,Netgear,"Deluxe 9559",SN00000348,"Portable device - Unit 348",damage
AST00349,"Logitech Projectors Ultra",Projectors,Logitech,"Ultra 4402",SN00000349,"Enterprise solution - Unit 349",damage
AST00350,"Apple Networking Basic",Networking,Apple,"Basic 9069",SN00000350,"Portable device - Unit 350",good
AST00351,"Microsoft Networking Standard",Networking,Microsoft,"Standard 5189",SN00000351,"Reliable office equipment - Unit 351",damage
AST00352,"Canon Computers Lite",Computers,Canon,"Lite 5464",SN00000352,"Portable device - Unit 352",good
AST00353,"Epson Computers Max",Computers,Epson,"Max 1459",SN00000353,"Budget friendly - Unit 353",good
AST00354,"HP Printers Max",Printers,HP,"Max 6599",SN00000354,"Budget friendly - Unit 354",damage
AST00355,"Netgear Audio Advanced",Audio,Netgear,"Advanced 7726",SN00000355,"Reliable office equipment - Unit 355",good
AST00356,"Razer Cameras Max",Cameras,Razer,"Max 7248",SN00000356,"High-performance device - Unit 356",damage
AST00357,"Microsoft Audio Pro",Audio,Microsoft,"Pro 3182",SN00000357,"Consumer grade - Unit 357",good
AST00358,"Netgear Networking Premium",Networking,Netgear,"Premium 8740",SN00000358,"Consumer grade - Unit 358",damage
AST00359,"Samsung Accessories Advanced",Accessories,Samsung,"Advanced 3390",SN00000359,"Professional grade - Unit 359",damage
AST00360,"Epson Cameras Basic",Cameras,Epson,"Basic 4745",SN00000360,"Consumer grade - Unit 360",good
AST00361,"Netgear Peripherals Deluxe",Peripherals,Netgear,"Deluxe 6066",SN00000361,"Compact model - Unit 361",damage
AST00362,"Apple Computers Premium",Computers,Apple,"Premium 8359",SN00000362,"Portable device - Unit 362",good
AST00363,"HP Audio Max",Audio,HP,"Max 3982",SN00000363,"Enterprise solution - Unit 363",good
AST00364,"ASUS Projectors Basic",Projectors,ASUS,"Basic 5684",SN00000364,"High-performance device - Unit 364",damage
AST00365,"Canon Printers Lite",Printers,Canon,"Lite 3444",SN00000365,"Professional grade - Unit 365",damage
AST00366,"Canon Storage Deluxe",Storage,Canon,"Deluxe 3303",SN00000366,"Compact model - Unit 366",damage
AST00367,"HP Storage Lite",Storage,HP,"Lite 7302",SN00000367,"Professional grade - Unit 367",damage
AST00368,"Canon Cameras Max",Cameras,Canon,"Max 7533",SN00000368,"Portable device - Unit 368",good
AST00369,"ASUS Printers Premium",Printers,ASUS,"Premium 6835",SN00000369,"Consumer grade - Unit 369",damage
AST00370,"Corsair Cameras Advanced",Cameras,Corsair,"Advanced 1552",SN00000370,"Budget friendly - Unit 370",good
AST00371,"Acer Computers Premium",Computers,Acer,"Premium 3721",SN00000371,"Budget friendly - Unit 371",damage
AST00372,"HP Networking Pro",Networking,HP,"Pro 5088",SN00000372,"Desktop unit - Unit 372",damage
AST00373,"Dell Storage Premium",Storage,Dell,"Premium 1893",SN00000373,"Desktop unit - Unit 373",good
AST00374,"Netgear Storage Plus",Storage,Netgear,"Plus 5936",SN00000374,"Compact model - Unit 374",good
AST00375,"Canon Monitors Ultra",Monitors,Canon,"Ultra 4553",SN00000375,"Desktop unit - Unit 375",damage
AST00376,"Lenovo Peripherals Deluxe",Peripherals,Lenovo,"Deluxe 1401",SN00000376,"Industrial equipment - Unit 376",good
AST00377,"Acer Monitors Ultra",Monitors,Acer,"Ultra 6982",SN00000377,"Industrial equipment - Unit 377",good
AST00378,"Netgear Networking Lite",Networking,Netgear,"Lite 1334",SN00000378,"High-performance device - Unit 378",good
AST00379,"ASUS Computers Pro",Computers,ASUS,"Pro 1216",SN00000379,"Professional grade - Unit 379",damage
AST00380,"Dell Projectors Standard",Projectors,Dell,"Standard 6970",SN00000380,"Consumer grade - Unit 380",damage
AST00381,"HP Peripherals Deluxe",Peripherals,HP,"Deluxe 7831",SN00000381,"High-performance device - Unit 381",good
AST00382,"Netgear Computers Ultra",Computers,Netgear,"Ultra 2615",SN00000382,"Desktop unit - Unit 382",good
AST00383,"Apple Accessories Lite",Accessories,Apple,"Lite 4253",SN00000383,"Industrial equipment - Unit 383",good
AST00384,"ASUS Networking Premium",Networking,ASUS,"Premium 3203",SN00000384,"High-performance device - Unit 384",good
AST00385,"Acer Monitors Plus",Monitors,Acer,"Plus 8869",SN00000385,"Compact model - Unit 385",good
AST00386,"Canon Computers Ultra",Computers,Canon,"Ultra 8204",SN00000386,"Reliable office equipment - Unit 386",damage
AST00387,"Dell Networking Lite",Networking,Dell,"Lite 6974",SN00000387,"Compact model - Unit 387",damage
AST00388,"HP Networking Lite",Networking,HP,"Lite 1158",SN00000388,"Compact model - Unit 388",good
AST00389,"Samsung Accessories Max",Accessories,Samsung,"Max 7307",SN00000389,"High-performance device - Unit 389",good
AST00390,"LG Storage Lite",Storage,LG,"Lite 8585",SN00000390,"Professional grade - Unit 390",damage
AST00391,"Dell Projectors Max",Projectors,Dell,"Max 7444",SN00000391,"Reliable office equipment - Unit 391",damage
AST00392,"Acer Projectors Pro",Projectors,Acer,"Pro 3631",SN00000392,"Enterprise solution - Unit 392",good
AST00393,"Logitech Monitors Basic",Monitors,Logitech,"Basic 6698",SN00000393,"Portable device - Unit 393",good
AST00394,"Corsair Accessories Deluxe",Accessories,Corsair,"Deluxe 2144",SN00000394,"High-performance device - Unit 394",damage
AST00395,"Netgear Audio Max",Audio,Netgear,"Max 2867",SN00000395,"Enterprise solution - Unit 395",damage
AST00396,"Acer Computers Standard",Computers,Acer,"Standard 8116",SN00000396,"Budget friendly - Unit 396",good
AST00397,"Acer Printers Deluxe",Printers,Acer,"Deluxe 4219",SN00000397,"Consumer grade - Unit 397",good
AST00398,"ASUS Printers Plus",Printers,ASUS,"Plus 1636",SN00000398,"Consumer grade - Unit 398",good
AST00399,"Epson Cameras Plus",Cameras,Epson,"Plus 4105",SN00000399,"Reliable office equipment - Unit 399",good
AST00400,"Logitech Storage Max",Storage,Logitech,"Max 2148",SN00000400,"Professional grade - Unit 400",good
AST00401,"ASUS Monitors Ultra",Monitors,ASUS,"Ultra 7222",SN00000401,"Compact model - Unit 401",good
AST00402,"Acer Cameras Ultra",Cameras,Acer,"Ultra 3645",SN00000402,"Consumer grade - Unit 402",damage
AST00403,"Samsung Monitors Max",Monitors,Samsung,"Max 4243",SN00000403,"Compact model - Unit 403",damage
AST00404,"Microsoft Monitors Ultra",Monitors,Microsoft,"Ultra 2103",SN00000404,"Budget friendly - Unit 404",good
AST00405,"Logitech Peripherals Basic",Peripherals,Logitech,"Basic 2270",SN00000405,"Desktop unit - Unit 405",good
AST00406,"Microsoft Printers Standard",Printers,Microsoft,"Standard 7969",SN00000406,"Reliable office equipment - Unit 406",damage
AST00407,"Razer Projectors Advanced",Projectors,Razer,"Advanced 1564",SN00000407,"Consumer grade - Unit 407",damage
AST00408,"LG Computers Advanced",Computers,LG,"Advanced 2371",SN00000408,"Budget friendly - Unit 408",good
AST00409,"Razer Monitors Advanced",Monitors,Razer,"Advanced 5221",SN00000409,"Reliable office equipment - Unit 409",good
AST00410,"Razer Accessories Max",Accessories,Razer,"Max 7730",SN00000410,"Enterprise solution - Unit 410",good
AST00411,"ASUS Storage Max",Storage,ASUS,"Max 7146",SN00000411,"Reliable office equipment - Unit 411",damage
AST00412,"ASUS Peripherals Basic",Peripherals,ASUS,"Basic 8742",SN00000412,"Consumer grade - Unit 412",good
AST00413,"Logitech Networking Lite",Networking,Logitech,"Lite 5724",SN00000413,"Desktop unit - Unit 413",damage
AST00414,"Epson Monitors Lite",Monitors,Epson,"Lite 8951",SN00000414,"High-performance device - Unit 414",good
AST00415,"Epson Monitors Lite",Monitors,Epson,"Lite 2034",SN00000415,"Compact model - Unit 415",good
AST00416,"Dell Cameras Standard",Cameras,Dell,"Standard 3876",SN00000416,"Reliable office equipment - Unit 416",damage
AST00417,"Apple Monitors Plus",Monitors,Apple,"Plus 9306",SN00000417,"Professional grade - Unit 417",good
AST00418,"LG Printers Deluxe",Printers,LG,"Deluxe 1259",SN00000418,"Compact model - Unit 418",good
AST00419,"Netgear Computers Basic",Computers,Netgear,"Basic 4295",SN00000419,"Consumer grade - Unit 419",damage
AST00420,"Lenovo Accessories Premium",Accessories,Lenovo,"Premium 1327",SN00000420,"High-performance device - Unit 420",damage
AST00421,"Lenovo Printers Basic",Printers,Lenovo,"Basic 7885",SN00000421,"Industrial equipment - Unit 421",damage
AST00422,"Microsoft Computers Deluxe",Computers,Microsoft,"Deluxe 7873",SN00000422,"Desktop unit - Unit 422",damage
AST00423,"HP Networking Ultra",Networking,HP,"Ultra 9341",SN00000423,"High-performance device - Unit 423",damage
AST00424,"Logitech Computers Advanced",Computers,Logitech,"Advanced 2838",SN00000424,"Professional grade - Unit 424",damage
AST00425,"Microsoft Printers Ultra",Printers,Microsoft,"Ultra 6301",SN00000425,"Consumer grade - Unit 425",damage
AST00426,"Microsoft Cameras Advanced",Cameras,Microsoft,"Advanced 7449",SN00000426,"Consumer grade - Unit 426",damage
AST00427,"Netgear Peripherals Deluxe",Peripherals,Netgear,"Deluxe 5164",SN00000427,"Compact model - Unit 427",good
AST00428,"Razer Projectors Lite",Projectors,Razer,"Lite 7915",SN00000428,"High-performance device - Unit 428",damage
AST00429,"HP Printers Pro",Printers,HP,"Pro 6092",SN00000429,"Consumer grade - Unit 429",good
AST00430,"Netgear Storage Standard",Storage,Netgear,"Standard 6941",SN00000430,"Professional grade - Unit 430",good
AST00431,"Logitech Audio Advanced",Audio,Logitech,"Advanced 5803",SN00000431,"High-performance device - Unit 431",damage
AST00432,"Samsung Audio Premium",Audio,Samsung,"Premium 9239",SN00000432,"High-performance device - Unit 432",damage
AST00433,"Netgear Networking Pro",Networking,Netgear,"Pro 1912",SN00000433,"Compact model - Unit 433",good
AST00434,"HP Accessories Plus",Accessories,HP,"Plus 5349",SN00000434,"High-performance device - Unit 434",good
AST00435,"Razer Storage Plus",Storage,Razer,"Plus 5345",SN00000435,"Professional grade - Unit 435",damage
AST00436,"Microsoft Networking Plus",Networking,Microsoft,"Plus 1492",SN00000436,"Portable device - Unit 436",good
AST00437,"Razer Monitors Lite",Monitors,Razer,"Lite 5333",SN00000437,"Compact model - Unit 437",damage
AST00438,"Acer Peripherals Plus",Peripherals,Acer,"Plus 2412",SN00000438,"Consumer grade - Unit 438",damage
AST00439,"Canon Cameras Lite",Cameras,Canon,"Lite 4813",SN00000439,"Portable device - Unit 439",damage
AST00440,"Epson Printers Lite",Printers,Epson,"Lite 6486",SN00000440,"Industrial equipment - Unit 440",damage
AST00441,"LG Projectors Standard",Projectors,LG,"Standard 8877",SN00000441,"Industrial equipment - Unit 441",good
AST00442,"Dell Audio Ultra",Audio,Dell,"Ultra 9267",SN00000442,"Budget friendly - Unit 442",damage
AST00443,"Corsair Cameras Max",Cameras,Corsair,"Max 9403",SN00000443,"Budget friendly - Unit 443",damage
AST00444,"ASUS Peripherals Premium",Peripherals,ASUS,"Premium 5345",SN00000444,"Enterprise solution - Unit 444",damage
AST00445,"Lenovo Peripherals Pro",Peripherals,Lenovo,"Pro 1113",SN00000445,"High-performance device - Unit 445",good
AST00446,"Razer Peripherals Pro",Peripherals,Razer,"Pro 6604",SN00000446,"Budget friendly - Unit 446",damage
AST00447,"Lenovo Accessories Ultra",Accessories,Lenovo,"Ultra 2178",SN00000447,"Desktop unit - Unit 447",damage
AST00448,"Razer Computers Ultra",Computers,Razer,"Ultra 3457",SN00000448,"Consumer grade - Unit 448",damage
AST00449,"Razer Audio Basic",Audio,Razer,"Basic 2162",SN00000449,"Enterprise solution - Unit 449",damage
AST00450,"Microsoft Computers Plus",Computers,Microsoft,"Plus 6673",SN00000450,"High-performance device - Unit 450",damage
AST00451,"Epson Accessories Pro",Accessories,Epson,"Pro 3654",SN00000451,"High-performance device - Unit 451",damage
AST00452,"ASUS Computers Basic",Computers,ASUS,"Basic 2722",SN00000452,"Compact model - Unit 452",damage
AST00453,"Samsung Networking Pro",Networking,Samsung,"Pro 5590",SN00000453,"Industrial equipment - Unit 453",damage
AST00454,"Canon Printers Deluxe",Printers,Canon,"Deluxe 9723",SN00000454,"Portable device - Unit 454",good
AST00455,"Netgear Computers Premium",Computers,Netgear,"Premium 3017",SN00000455,"Consumer grade - Unit 455",damage
AST00456,"Epson Monitors Pro",Monitors,Epson,"Pro 9750",SN00000456,"Enterprise solution - Unit 456",good
AST00457,"Apple Cameras Plus",Cameras,Apple,"Plus 8699",SN00000457,"High-performance device - Unit 457",good
AST00458,"Netgear Projectors Ultra",Projectors,Netgear,"Ultra 2943",SN00000458,"Portable device - Unit 458",damage
AST00459,"Acer Storage Standard",Storage,Acer,"Standard 4953",SN00000459,"Reliable office equipment - Unit 459",damage
AST00460,"Corsair Cameras Deluxe",Cameras,Corsair,"Deluxe 5269",SN00000460,"Enterprise solution - Unit 460",damage
AST00461,"Razer Cameras Ultra",Cameras,Razer,"Ultra 4129",SN00000461,"Desktop unit - Unit 461",good
AST00462,"Epson Cameras Plus",Cameras,Epson,"Plus 5043",SN00000462,"Reliable office equipment - Unit 462",good
AST00463,"Razer Monitors Ultra",Monitors,Razer,"Ultra 9463",SN00000463,"Professional grade - Unit 463",damage
AST00464,"Dell Storage Deluxe",Storage,Dell,"Deluxe 5480",SN00000464,"Portable device - Unit 464",good
AST00465,"Razer Monitors Pro",Monitors,Razer,"Pro 3858",SN00000465,"Budget friendly - Unit 465",damage
AST00466,"Samsung Monitors Standard",Monitors,Samsung,"Standard 4425",SN00000466,"Reliable office equipment - Unit 466",good
AST00467,"Apple Networking Advanced",Networking,Apple,"Advanced 6395",SN00000467,"Desktop unit - Unit 467",good
AST00468,"Razer Cameras Lite",Cameras,Razer,"Lite 3042",SN00000468,"Consumer grade - Unit 468",damage
AST00469,"Corsair Printers Lite",Printers,Corsair,"Lite 2363",SN00000469,"Budget friendly - Unit 469",damage
AST00470,"Dell Monitors Advanced",Monitors,Dell,"Advanced 3848",SN00000470,"Consumer grade - Unit 470",damage
AST00471,"Epson Networking Premium",Networking,Epson,"Premium 8601",SN00000471,"Enterprise solution - Unit 471",good
AST00472,"Corsair Accessories Premium",Accessories,Corsair,"Premium 3980",SN00000472,"Professional grade - Unit 472",damage
AST00473,"Apple Accessories Pro",Accessories,Apple,"Pro 3336",SN00000473,"Consumer grade - Unit 473",good
AST00474,"Logitech Storage Lite",Storage,Logitech,"Lite 3638",SN00000474,"Budget friendly - Unit 474",damage
AST00475,"Netgear Accessories Pro",Accessories,Netgear,"Pro 7966",SN00000475,"Desktop unit - Unit 475",damage
AST00476,"Lenovo Audio Advanced",Audio,Lenovo,"Advanced 4559",SN00000476,"Budget friendly - Unit 476",good
AST00477,"Netgear Storage Max",Storage,Netgear,"Max 6988",SN00000477,"Consumer grade - Unit 477",damage
AST00478,"LG Peripherals Basic",Peripherals,LG,"Basic 4609",SN00000478,"Portable device - Unit 478",good
AST00479,"Samsung Printers Standard",Printers,Samsung,"Standard 9267",SN00000479,"Budget friendly - Unit 479",good
AST00480,"LG Peripherals Max",Peripherals,LG,"Max 1768",SN00000480,"Industrial equipment - Unit 480",damage
AST00481,"HP Projectors Ultra",Projectors,HP,"Ultra 8796",SN00000481,"Industrial equipment - Unit 481",damage
AST00482,"Dell Networking Plus",Networking,Dell,"Plus 6048",SN00000482,"Professional grade - Unit 482",damage
AST00483,"Microsoft Networking Pro",Networking,Microsoft,"Pro 7919",SN00000483,"Desktop unit - Unit 483",good
AST00484,"Acer Storage Advanced",Storage,Acer,"Advanced 8386",SN00000484,"Enterprise solution - Unit 484",good
AST00485,"Canon Peripherals Premium",Peripherals,Canon,"Premium 6174",SN00000485,"High-performance device - Unit 485",damage
AST00486,"Epson Networking Ultra",Networking,Epson,"Ultra 9194",SN00000486,"Consumer grade - Unit 486",damage
AST00487,"HP Monitors Plus",Monitors,HP,"Plus 8683",SN00000487,"Enterprise solution - Unit 487",good
AST00488,"Logitech Projectors Advanced",Projectors,Logitech,"Advanced 7446",SN00000488,"Professional grade - Unit 488",good
AST00489,"Apple Audio Basic",Audio,Apple,"Basic 1659",SN00000489,"Consumer grade - Unit 489",damage
AST00490,"Epson Computers Standard",Computers,Epson,"Standard 4193",SN00000490,"Consumer grade - Unit 490",good
AST00491,"LG Networking Plus",Networking,LG,"Plus 4396",SN00000491,"Desktop unit - Unit 491",good
AST00492,"ASUS Cameras Max",Cameras,ASUS,"Max 7655",SN00000492,"High-performance device - Unit 492",damage
AST00493,"Acer Peripherals Basic",Peripherals,Acer,"Basic 1859",SN00000493,"Reliable office equipment - Unit 493",good
AST00494,"Samsung Printers Premium",Printers,Samsung,"Premium 5089",SN00000494,"Consumer grade - Unit 494",good
AST00495,"HP Audio Pro",Audio,HP,"Pro 1836",SN00000495,"Professional grade - Unit 495",damage
AST00496,"Epson Audio Ultra",Audio,Epson,"Ultra 8038",SN00000496,"Desktop unit - Unit 496",good
AST00497,"ASUS Audio Standard",Audio,ASUS,"Standard 4913",SN00000497,"Professional grade - Unit 497",damage
AST00498,"Corsair Computers Max",Computers,Corsair,"Max 1597",SN00000498,"Reliable office equipment - Unit 498",damage
AST00499,"Razer Audio Advanced",Audio,Razer,"Advanced 4257",SN00000499,"Compact model - Unit 499",damage
AST00500,"Dell Cameras Standard",Cameras,Dell,"Standard 9805",SN00000500,"Budget friendly - Unit 500",good
AST00501,"Microsoft Monitors Standard",Monitors,Microsoft,"Standard 4626",SN00000501,"Portable device - Unit 501",good
AST00502,"ASUS Storage Advanced",Storage,ASUS,"Advanced 7877",SN00000502,"Budget friendly - Unit 502",good
AST00503,"Apple Monitors Lite",Monitors,Apple,"Lite 7673",SN00000503,"Desktop unit - Unit 503",good
AST00504,"Logitech Accessories Standard",Accessories,Logitech,"Standard 2902",SN00000504,"Reliable office equipment - Unit 504",good
AST00505,"Acer Monitors Ultra",Monitors,Acer,"Ultra 4341",SN00000505,"High-performance device - Unit 505",damage
AST00506,"Canon Monitors Advanced",Monitors,Canon,"Advanced 4877",SN00000506,"Enterprise solution - Unit 506",damage
AST00507,"Acer Printers Basic",Printers,Acer,"Basic 6029",SN00000507,"Professional grade - Unit 507",damage
AST00508,"Epson Audio Premium",Audio,Epson,"Premium 7475",SN00000508,"Budget friendly - Unit 508",good
AST00509,"Apple Audio Ultra",Audio,Apple,"Ultra 4850",SN00000509,"Professional grade - Unit 509",good
AST00510,"Samsung Networking Ultra",Networking,Samsung,"Ultra 2919",SN00000510,"Industrial equipment - Unit 510",damage
AST00511,"Corsair Networking Ultra",Networking,Corsair,"Ultra 9418",SN00000511,"Industrial equipment - Unit 511",good
AST00512,"Razer Accessories Premium",Accessories,Razer,"Premium 2629",SN00000512,"Desktop unit - Unit 512",good
AST00513,"Lenovo Monitors Deluxe",Monitors,Lenovo,"Deluxe 1211",SN00000513,"Desktop unit - Unit 513",damage
AST00514,"Samsung Computers Plus",Computers,Samsung,"Plus 8446",SN00000514,"Budget friendly - Unit 514",damage
AST00515,"Netgear Computers Advanced",Computers,Netgear,"Advanced 5515",SN00000515,"Budget friendly - Unit 515",damage
AST00516,"Logitech Projectors Premium",Projectors,Logitech,"Premium 7138",SN00000516,"Budget friendly - Unit 516",good
AST00517,"Logitech Cameras Premium",Cameras,Logitech,"Premium 9647",SN00000517,"Consumer grade - Unit 517",damage
AST00518,"Epson Projectors Ultra",Projectors,Epson,"Ultra 4261",SN00000518,"Enterprise solution - Unit 518",damage
AST00519,"Corsair Printers Premium",Printers,Corsair,"Premium 4725",SN00000519,"Budget friendly - Unit 519",good
AST00520,"Netgear Monitors Basic",Monitors,Netgear,"Basic 4939",SN00000520,"Industrial equipment - Unit 520",good
AST00521,"Netgear Peripherals Advanced",Peripherals,Netgear,"Advanced 5646",SN00000521,"Desktop unit - Unit 521",damage
AST00522,"Corsair Projectors Advanced",Projectors,Corsair,"Advanced 2723",SN00000522,"Enterprise solution - Unit 522",damage
AST00523,"Epson Computers Deluxe",Computers,Epson,"Deluxe 6820",SN00000523,"Enterprise solution - Unit 523",damage
AST00524,"Razer Storage Plus",Storage,Razer,"Plus 7139",SN00000524,"Portable device - Unit 524",damage
AST00525,"HP Monitors Max",Monitors,HP,"Max 8544",SN00000525,"Industrial equipment - Unit 525",damage
AST00526,"Lenovo Networking Lite",Networking,Lenovo,"Lite 9497",SN00000526,"Consumer grade - Unit 526",damage
AST00527,"Corsair Storage Premium",Storage,Corsair,"Premium 9842",SN00000527,"Portable device - Unit 527",good
AST00528,"Acer Audio Basic",Audio,Acer,"Basic 3872",SN00000528,"Reliable office equipment - Unit 528",damage
AST00529,"Apple Printers Ultra",Printers,Apple,"Ultra 9050",SN00000529,"Reliable office equipment - Unit 529",damage
AST00530,"Epson Storage Lite",Storage,Epson,"Lite 4672",SN00000530,"Portable device - Unit 530",good
AST00531,"Razer Computers Basic",Computers,Razer,"Basic 7686",SN00000531,"Consumer grade - Unit 531",good
AST00532,"Acer Peripherals Deluxe",Peripherals,Acer,"Deluxe 6245",SN00000532,"Professional grade - Unit 532",good
AST00533,"Lenovo Printers Standard",Printers,Lenovo,"Standard 1048",SN00000533,"Enterprise solution - Unit 533",good
AST00534,"Microsoft Storage Ultra",Storage,Microsoft,"Ultra 7508",SN00000534,"Reliable office equipment - Unit 534",good
AST00535,"Corsair Accessories Max",Accessories,Corsair,"Max 9582",SN00000535,"Budget friendly - Unit 535",damage
AST00536,"Microsoft Networking Premium",Networking,Microsoft,"Premium 8506",SN00000536,"Consumer grade - Unit 536",damage
AST00537,"Apple Printers Pro",Printers,Apple,"Pro 6148",SN00000537,"Budget friendly - Unit 537",good
AST00538,"Razer Computers Standard",Computers,Razer,"Standard 1959",SN00000538,"Budget friendly - Unit 538",good
AST00539,"Samsung Storage Deluxe",Storage,Samsung,"Deluxe 6903",SN00000539,"Enterprise solution - Unit 539",good
AST00540,"Logitech Computers Lite",Computers,Logitech,"Lite 4485",SN00000540,"Desktop unit - Unit 540",good
AST00541,"LG Audio Basic",Audio,LG,"Basic 5865",SN00000541,"Reliable office equipment - Unit 541",damage
AST00542,"Lenovo Cameras Ultra",Cameras,Lenovo,"Ultra 3935",SN00000542,"Reliable office equipment - Unit 542",damage
AST00543,"ASUS Storage Premium",Storage,ASUS,"Premium 7466",SN00000543,"Industrial equipment - Unit 543",damage
AST00544,"LG Cameras Deluxe",Cameras,LG,"Deluxe 4411",SN00000544,"Enterprise solution - Unit 544",good
AST00545,"Apple Printers Premium",Printers,Apple,"Premium 4604",SN00000545,"Enterprise solution - Unit 545",damage
AST00546,"HP Printers Max",Printers,HP,"Max 5524",SN00000546,"Desktop unit - Unit 546",good
AST00547,"Epson Projectors Deluxe",Projectors,Epson,"Deluxe 6590",SN00000547,"Compact model - Unit 547",damage
AST00548,"Apple Printers Standard",Printers,Apple,"Standard 4267",SN00000548,"Professional grade - Unit 548",damage
AST00549,"LG Networking Plus",Networking,LG,"Plus 4590",SN00000549,"Industrial equipment - Unit 549",good
AST00550,"Canon Computers Advanced",Computers,Canon,"Advanced 2857",SN00000550,"Consumer grade - Unit 550",good
AST00551,"Canon Audio Standard",Audio,Canon,"Standard 8453",SN00000551,"Reliable office equipment - Unit 551",good
AST00552,"Dell Computers Pro",Computers,Dell,"Pro 7877",SN00000552,"Compact model - Unit 552",damage
AST00553,"Razer Storage Ultra",Storage,Razer,"Ultra 3628",SN00000553,"Budget friendly - Unit 553",good
AST00554,"Canon Monitors Deluxe",Monitors,Canon,"Deluxe 1554",SN00000554,"Desktop unit - Unit 554",good
AST00555,"Dell Storage Deluxe",Storage,Dell,"Deluxe 6886",SN00000555,"High-performance device - Unit 555",good
AST00556,"Apple Monitors Standard",Monitors,Apple,"Standard 5767",SN00000556,"Compact model - Unit 556",damage
AST00557,"ASUS Networking Deluxe",Networking,ASUS,"Deluxe 7605",SN00000557,"Desktop unit - Unit 557",damage
AST00558,"LG Printers Pro",Printers,LG,"Pro 9631",SN00000558,"Professional grade - Unit 558",good
AST00559,"LG Projectors Plus",Projectors,LG,"Plus 4415",SN00000559,"Desktop unit - Unit 559",damage
AST00560,"ASUS Storage Standard",Storage,ASUS,"Standard 6456",SN00000560,"Desktop unit - Unit 560",damage
AST00561,"Razer Networking Lite",Networking,Razer,"Lite 1815",SN00000561,"Desktop unit - Unit 561",damage
AST00562,"ASUS Audio Basic",Audio,ASUS,"Basic 5801",SN00000562,"Industrial equipment - Unit 562",damage
AST00563,"Apple Computers Plus",Computers,Apple,"Plus 5617",SN00000563,"Budget friendly - Unit 563",good
AST00564,"Razer Networking Ultra",Networking,Razer,"Ultra 9226",SN00000564,"Professional grade - Unit 564",good
AST00565,"Dell Storage Ultra",Storage,Dell,"Ultra 8983",SN00000565,"Desktop unit - Unit 565",good
AST00566,"ASUS Accessories Basic",Accessories,ASUS,"Basic 9669",SN00000566,"Industrial equipment - Unit 566",damage
AST00567,"Netgear Computers Pro",Computers,Netgear,"Pro 6122",SN00000567,"Desktop unit - Unit 567",good
AST00568,"Canon Audio Deluxe",Audio,Canon,"Deluxe 8753",SN00000568,"Professional grade - Unit 568",good
AST00569,"Logitech Cameras Max",Cameras,Logitech,"Max 7145",SN00000569,"Budget friendly - Unit 569",damage
AST00570,"Apple Peripherals Pro",Peripherals,Apple,"Pro 1757",SN00000570,"Desktop unit - Unit 570",good
AST00571,"Corsair Networking Premium",Networking,Corsair,"Premium 3189",SN00000571,"Enterprise solution - Unit 571",damage
AST00572,"Microsoft Projectors Plus",Projectors,Microsoft,"Plus 4074",SN00000572,"Professional grade - Unit 572",damage
AST00573,"Samsung Projectors Ultra",Projectors,Samsung,"Ultra 7062",SN00000573,"Compact model - Unit 573",damage
AST00574,"Acer Monitors Lite",Monitors,Acer,"Lite 9463",SN00000574,"Professional grade - Unit 574",damage
AST00575,"Canon Monitors Premium",Monitors,Canon,"Premium 3191",SN00000575,"Budget friendly - Unit 575",damage
AST00576,"Lenovo Cameras Premium",Cameras,Lenovo,"Premium 8929",SN00000576,"Consumer grade - Unit 576",good
AST00577,"Acer Accessories Lite",Accessories,Acer,"Lite 5631",SN00000577,"Reliable office equipment - Unit 577",good
AST00578,"Samsung Audio Max",Audio,Samsung,"Max 8977",SN00000578,"Reliable office equipment - Unit 578",damage
AST00579,"Samsung Accessories Ultra",Accessories,Samsung,"Ultra 9824",SN00000579,"Portable device - Unit 579",good
AST00580,"Microsoft Cameras Deluxe",Cameras,Microsoft,"Deluxe 4644",SN00000580,"Portable device - Unit 580",good
AST00581,"Lenovo Computers Standard",Computers,Lenovo,"Standard 5612",SN00000581,"Enterprise solution - Unit 581",good
AST00582,"Lenovo Storage Lite",Storage,Lenovo,"Lite 5228",SN00000582,"Budget friendly - Unit 582",damage
AST00583,"LG Monitors Advanced",Monitors,LG,"Advanced 2014",SN00000583,"Consumer grade - Unit 583",good
AST00584,"Epson Storage Advanced",Storage,Epson,"Advanced 5287",SN00000584,"Consumer grade - Unit 584",good
AST00585,"Apple Storage Standard",Storage,Apple,"Standard 7425",SN00000585,"Portable device - Unit 585",good
AST00586,"Netgear Storage Standard",Storage,Netgear,"Standard 7397",SN00000586,"High-performance device - Unit 586",damage
AST00587,"Samsung Audio Deluxe",Audio,Samsung,"Deluxe 7144",SN00000587,"Industrial equipment - Unit 587",damage
AST00588,"HP Projectors Ultra",Projectors,HP,"Ultra 3662",SN00000588,"Budget friendly - Unit 588",good
AST00589,"Dell Printers Ultra",Printers,Dell,"Ultra 6121",SN00000589,"Industrial equipment - Unit 589",good
AST00590,"Lenovo Storage Deluxe",Storage,Lenovo,"Deluxe 5195",SN00000590,"Professional grade - Unit 590",good
AST00591,"Dell Storage Ultra",Storage,Dell,"Ultra 4805",SN00000591,"Industrial equipment - Unit 591",good
AST00592,"Epson Cameras Basic",Cameras,Epson,"Basic 3941",SN00000592,"Consumer grade - Unit 592",damage
AST00593,"Corsair Audio Pro",Audio,Corsair,"Pro 6852",SN00000593,"Consumer grade - Unit 593",good
AST00594,"Samsung Storage Pro",Storage,Samsung,"Pro 3671",SN00000594,"High-performance device - Unit 594",good
AST00595,"ASUS Accessories Basic",Accessories,ASUS,"Basic 7866",SN00000595,"Consumer grade - Unit 595",good
AST00596,"Razer Networking Pro",Networking,Razer,"Pro 9113",SN00000596,"Enterprise solution - Unit 596",damage
AST00597,"ASUS Printers Pro",Printers,ASUS,"Pro 5608",SN00000597,"Enterprise solution - Unit 597",good
AST00598,"Logitech Cameras Pro",Cameras,Logitech,"Pro 8607",SN00000598,"Desktop unit - Unit 598",damage
AST00599,"Canon Peripherals Deluxe",Peripherals,Canon,"Deluxe 2174",SN00000599,"High-performance device - Unit 599",damage
AST00600,"Netgear Printers Max",Printers,Netgear,"Max 9592",SN00000600,"Industrial equipment - Unit 600",good
AST00601,"Apple Networking Deluxe",Networking,Apple,"Deluxe 1111",SN00000601,"Portable device - Unit 601",good
AST00602,"Microsoft Cameras Ultra",Cameras,Microsoft,"Ultra 3178",SN00000602,"Portable device - Unit 602",damage
AST00603,"LG Projectors Deluxe",Projectors,LG,"Deluxe 6477",SN00000603,"High-performance device - Unit 603",good
AST00604,"Apple Storage Standard",Storage,Apple,"Standard 5693",SN00000604,"High-performance device - Unit 604",good
AST00605,"Razer Projectors Pro",Projectors,Razer,"Pro 4736",SN00000605,"Compact model - Unit 605",damage
AST00606,"Dell Networking Ultra",Networking,Dell,"Ultra 5402",SN00000606,"Industrial equipment - Unit 606",good
AST00607,"Lenovo Audio Max",Audio,Lenovo,"Max 4148",SN00000607,"Enterprise solution - Unit 607",damage
AST00608,"Acer Printers Pro",Printers,Acer,"Pro 3985",SN00000608,"Professional grade - Unit 608",damage
AST00609,"HP Projectors Pro",Projectors,HP,"Pro 2157",SN00000609,"Desktop unit - Unit 609",damage
AST00610,"Samsung Monitors Pro",Monitors,Samsung,"Pro 8072",SN00000610,"Desktop unit - Unit 610",damage
AST00611,"HP Projectors Lite",Projectors,HP,"Lite 2573",SN00000611,"Enterprise solution - Unit 611",good
AST00612,"HP Peripherals Max",Peripherals,HP,"Max 2422",SN00000612,"High-performance device - Unit 612",good
AST00613,"Epson Peripherals Advanced",Peripherals,Epson,"Advanced 2682",SN00000613,"Budget friendly - Unit 613",good
AST00614,"HP Peripherals Premium",Peripherals,HP,"Premium 3055",SN00000614,"Reliable office equipment - Unit 614",damage
AST00615,"Microsoft Projectors Max",Projectors,Microsoft,"Max 9063",SN00000615,"Consumer grade - Unit 615",good
AST00616,"Dell Audio Deluxe",Audio,Dell,"Deluxe 5286",SN00000616,"High-performance device - Unit 616",good
AST00617,"Epson Peripherals Advanced",Peripherals,Epson,"Advanced 1988",SN00000617,"Desktop unit - Unit 617",damage
AST00618,"Dell Peripherals Advanced",Peripherals,Dell,"Advanced 8348",SN00000618,"Consumer grade - Unit 618",damage
AST00619,"Razer Storage Pro",Storage,Razer,"Pro 9522",SN00000619,"Industrial equipment - Unit 619",damage
AST00620,"Microsoft Networking Basic",Networking,Microsoft,"Basic 9273",SN00000620,"Desktop unit - Unit 620",damage
AST00621,"Acer Accessories Ultra",Accessories,Acer,"Ultra 2445",SN00000621,"Enterprise solution - Unit 621",damage
AST00622,"Acer Projectors Ultra",Projectors,Acer,"Ultra 8239",SN00000622,"Compact model - Unit 622",good
AST00623,"HP Projectors Standard",Projectors,HP,"Standard 1799",SN00000623,"Reliable office equipment - Unit 623",damage
AST00624,"Samsung Cameras Premium",Cameras,Samsung,"Premium 3955",SN00000624,"Desktop unit - Unit 624",damage
AST00625,"Apple Peripherals Lite",Peripherals,Apple,"Lite 3051",SN00000625,"Industrial equipment - Unit 625",damage
AST00626,"Dell Cameras Pro",Cameras,Dell,"Pro 8080",SN00000626,"Industrial equipment - Unit 626",damage
AST00627,"Razer Printers Basic",Printers,Razer,"Basic 5794",SN00000627,"Enterprise solution - Unit 627",damage
AST00628,"Netgear Networking Lite",Networking,Netgear,"Lite 8425",SN00000628,"Industrial equipment - Unit 628",damage
AST00629,"Razer Accessories Lite",Accessories,Razer,"Lite 5361",SN00000629,"Reliable office equipment - Unit 629",good
AST00630,"Canon Cameras Premium",Cameras,Canon,"Premium 9427",SN00000630,"Reliable office equipment - Unit 630",good
AST00631,"Acer Printers Ultra",Printers,Acer,"Ultra 8554",SN00000631,"Compact model - Unit 631",good
AST00632,"Lenovo Printers Advanced",Printers,Lenovo,"Advanced 3841",SN00000632,"Budget friendly - Unit 632",damage
AST00633,"Logitech Monitors Pro",Monitors,Logitech,"Pro 7875",SN00000633,"Desktop unit - Unit 633",damage
AST00634,"Lenovo Computers Premium",Computers,Lenovo,"Premium 5256",SN00000634,"Desktop unit - Unit 634",damage
AST00635,"Corsair Peripherals Pro",Peripherals,Corsair,"Pro 8227",SN00000635,"Compact model - Unit 635",damage
AST00636,"Canon Projectors Deluxe",Projectors,Canon,"Deluxe 2803",SN00000636,"Desktop unit - Unit 636",good
AST00637,"Razer Peripherals Lite",Peripherals,Razer,"Lite 7243",SN00000637,"Enterprise solution - Unit 637",damage
AST00638,"Dell Networking Premium",Networking,Dell,"Premium 3165",SN00000638,"Consumer grade - Unit 638",good
AST00639,"Epson Peripherals Advanced",Peripherals,Epson,"Advanced 1851",SN00000639,"Compact model - Unit 639",damage
AST00640,"Dell Cameras Deluxe",Cameras,Dell,"Deluxe 1724",SN00000640,"Reliable office equipment - Unit 640",good
AST00641,"ASUS Peripherals Deluxe",Peripherals,ASUS,"Deluxe 3404",SN00000641,"Reliable office equipment - Unit 641",damage
AST00642,"Samsung Audio Max",Audio,Samsung,"Max 9601",SN00000642,"Industrial equipment - Unit 642",good
AST00643,"Razer Projectors Plus",Projectors,Razer,"Plus 5186",SN00000643,"Portable device - Unit 643",good
AST00644,"LG Storage Standard",Storage,LG,"Standard 1475",SN00000644,"Portable device - Unit 644",good
AST00645,"HP Monitors Plus",Monitors,HP,"Plus 8593",SN00000645,"Reliable office equipment - Unit 645",good
AST00646,"Razer Printers Advanced",Printers,Razer,"Advanced 3447",SN00000646,"Enterprise solution - Unit 646",good
AST00647,"Razer Projectors Premium",Projectors,Razer,"Premium 9928",SN00000647,"Compact model - Unit 647",good
AST00648,"Lenovo Audio Standard",Audio,Lenovo,"Standard 5191",SN00000648,"Budget friendly - Unit 648",good
AST00649,"LG Peripherals Max",Peripherals,LG,"Max 4441",SN00000649,"Professional grade - Unit 649",good
AST00650,"Canon Peripherals Premium",Peripherals,Canon,"Premium 5778",SN00000650,"Enterprise solution - Unit 650",damage
AST00651,"Canon Peripherals Deluxe",Peripherals,Canon,"Deluxe 1258",SN00000651,"High-performance device - Unit 651",damage
AST00652,"Netgear Peripherals Premium",Peripherals,Netgear,"Premium 1531",SN00000652,"Desktop unit - Unit 652",damage
AST00653,"Netgear Peripherals Advanced",Peripherals,Netgear,"Advanced 6700",SN00000653,"Budget friendly - Unit 653",damage
AST00654,"Razer Printers Pro",Printers,Razer,"Pro 6003",SN00000654,"Compact model - Unit 654",damage
AST00655,"Logitech Networking Advanced",Networking,Logitech,"Advanced 4695",SN00000655,"Compact model - Unit 655",damage
AST00656,"Samsung Cameras Ultra",Cameras,Samsung,"Ultra 8437",SN00000656,"Professional grade - Unit 656",damage
AST00657,"Netgear Audio Premium",Audio,Netgear,"Premium 7015",SN00000657,"Portable device - Unit 657",good
AST00658,"Epson Networking Lite",Networking,Epson,"Lite 9081",SN00000658,"Reliable office equipment - Unit 658",damage
AST00659,"LG Networking Pro",Networking,LG,"Pro 7443",SN00000659,"Reliable office equipment - Unit 659",good
AST00660,"Corsair Audio Max",Audio,Corsair,"Max 6465",SN00000660,"Reliable office equipment - Unit 660",damage
AST00661,"LG Cameras Ultra",Cameras,LG,"Ultra 7973",SN00000661,"Desktop unit - Unit 661",damage
AST00662,"Razer Networking Premium",Networking,Razer,"Premium 7891",SN00000662,"Budget friendly - Unit 662",good
AST00663,"Acer Storage Standard",Storage,Acer,"Standard 6108",SN00000663,"Consumer grade - Unit 663",damage
AST00664,"Epson Peripherals Ultra",Peripherals,Epson,"Ultra 3587",SN00000664,"Professional grade - Unit 664",damage
AST00665,"HP Peripherals Pro",Peripherals,HP,"Pro 8245",SN00000665,"Professional grade - Unit 665",damage
AST00666,"Microsoft Projectors Plus",Projectors,Microsoft,"Plus 5024",SN00000666,"Compact model - Unit 666",damage
AST00667,"Logitech Accessories Deluxe",Accessories,Logitech,"Deluxe 9138",SN00000667,"Enterprise solution - Unit 667",damage
AST00668,"Logitech Storage Deluxe",Storage,Logitech,"Deluxe 9217",SN00000668,"Budget friendly - Unit 668",damage
AST00669,"HP Accessories Basic",Accessories,HP,"Basic 3719",SN00000669,"Compact model - Unit 669",good
AST00670,"Canon Storage Deluxe",Storage,Canon,"Deluxe 6282",SN00000670,"High-performance device - Unit 670",damage
AST00671,"Acer Monitors Standard",Monitors,Acer,"Standard 8264",SN00000671,"Portable device - Unit 671",good
AST00672,"Razer Peripherals Premium",Peripherals,Razer,"Premium 3817",SN00000672,"Professional grade - Unit 672",good
AST00673,"Microsoft Cameras Advanced",Cameras,Microsoft,"Advanced 4709",SN00000673,"Compact model - Unit 673",good
AST00674,"Epson Cameras Ultra",Cameras,Epson,"Ultra 7981",SN00000674,"Desktop unit - Unit 674",good
AST00675,"Logitech Computers Deluxe",Computers,Logitech,"Deluxe 1130",SN00000675,"Consumer grade - Unit 675",damage
AST00676,"Epson Computers Lite",Computers,Epson,"Lite 8802",SN00000676,"Industrial equipment - Unit 676",damage
AST00677,"Lenovo Storage Standard",Storage,Lenovo,"Standard 3592",SN00000677,"Enterprise solution - Unit 677",good
AST00678,"Apple Audio Advanced",Audio,Apple,"Advanced 7269",SN00000678,"High-performance device - Unit 678",damage
AST00679,"Lenovo Projectors Max",Projectors,Lenovo,"Max 4410",SN00000679,"Compact model - Unit 679",damage
AST00680,"Canon Networking Pro",Networking,Canon,"Pro 9238",SN00000680,"Compact model - Unit 680",damage
AST00681,"Dell Cameras Advanced",Cameras,Dell,"Advanced 5478",SN00000681,"Portable device - Unit 681",good
AST00682,"Apple Cameras Standard",Cameras,Apple,"Standard 7127",SN00000682,"High-performance device - Unit 682",damage
AST00683,"HP Peripherals Deluxe",Peripherals,HP,"Deluxe 8695",SN00000683,"High-performance device - Unit 683",damage
AST00684,"LG Monitors Pro",Monitors,LG,"Pro 3319",SN00000684,"Portable device - Unit 684",good
AST00685,"Logitech Computers Deluxe",Computers,Logitech,"Deluxe 2236",SN00000685,"Desktop unit - Unit 685",damage
AST00686,"Apple Printers Max",Printers,Apple,"Max 5263",SN00000686,"Reliable office equipment - Unit 686",damage
AST00687,"Apple Networking Ultra",Networking,Apple,"Ultra 9816",SN00000687,"Budget friendly - Unit 687",damage
AST00688,"LG Projectors Advanced",Projectors,LG,"Advanced 2151",SN00000688,"Desktop unit - Unit 688",damage
AST00689,"Canon Monitors Pro",Monitors,Canon,"Pro 7312",SN00000689,"Consumer grade - Unit 689",good
AST00690,"Epson Accessories Premium",Accessories,Epson,"Premium 8653",SN00000690,"High-performance device - Unit 690",damage
AST00691,"Razer Printers Advanced",Printers,Razer,"Advanced 8149",SN00000691,"High-performance device - Unit 691",damage
AST00692,"Razer Storage Max",Storage,Razer,"Max 1654",SN00000692,"Consumer grade - Unit 692",damage
AST00693,"Netgear Accessories Premium",Accessories,Netgear,"Premium 1941",SN00000693,"Compact model - Unit 693",damage
AST00694,"ASUS Audio Standard",Audio,ASUS,"Standard 5847",SN00000694,"Reliable office equipment - Unit 694",damage
AST00695,"Canon Accessories Advanced",Accessories,Canon,"Advanced 2235",SN00000695,"Consumer grade - Unit 695",good
AST00696,"Microsoft Monitors Lite",Monitors,Microsoft,"Lite 8232",SN00000696,"Reliable office equipment - Unit 696",damage
AST00697,"Canon Accessories Ultra",Accessories,Canon,"Ultra 5153",SN00000697,"Professional grade - Unit 697",damage
AST00698,"HP Audio Standard",Audio,HP,"Standard 4930",SN00000698,"Portable device - Unit 698",good
AST00699,"Acer Audio Lite",Audio,Acer,"Lite 4218",SN00000699,"Desktop unit - Unit 699",good
AST00700,"ASUS Storage Deluxe",Storage,ASUS,"Deluxe 4752",SN00000700,"Industrial equipment - Unit 700",good
AST00701,"Microsoft Audio Deluxe",Audio,Microsoft,"Deluxe 8848",SN00000701,"Compact model - Unit 701",damage
AST00702,"Lenovo Projectors Lite",Projectors,Lenovo,"Lite 2985",SN00000702,"Professional grade - Unit 702",damage
AST00703,"Epson Networking Pro",Networking,Epson,"Pro 1841",SN00000703,"Budget friendly - Unit 703",damage
AST00704,"HP Accessories Pro",Accessories,HP,"Pro 7896",SN00000704,"Budget friendly - Unit 704",damage
AST00705,"Canon Networking Basic",Networking,Canon,"Basic 5159",SN00000705,"Enterprise solution - Unit 705",good
AST00706,"Corsair Accessories Premium",Accessories,Corsair,"Premium 5690",SN00000706,"Enterprise solution - Unit 706",good
AST00707,"ASUS Accessories Deluxe",Accessories,ASUS,"Deluxe 2430",SN00000707,"Desktop unit - Unit 707",good
AST00708,"Lenovo Accessories Plus",Accessories,Lenovo,"Plus 6552",SN00000708,"Portable device - Unit 708",good
AST00709,"Dell Projectors Max",Projectors,Dell,"Max 8758",SN00000709,"High-performance device - Unit 709",good
AST00710,"Samsung Audio Plus",Audio,Samsung,"Plus 4884",SN00000710,"Consumer grade - Unit 710",damage
AST00711,"Acer Storage Max",Storage,Acer,"Max 6855",SN00000711,"Budget friendly - Unit 711",damage
AST00712,"Microsoft Cameras Plus",Cameras,Microsoft,"Plus 7202",SN00000712,"Reliable office equipment - Unit 712",damage
AST00713,"HP Cameras Advanced",Cameras,HP,"Advanced 8529",SN00000713,"Enterprise solution - Unit 713",damage
AST00714,"ASUS Monitors Max",Monitors,ASUS,"Max 2392",SN00000714,"Industrial equipment - Unit 714",damage
AST00715,"Microsoft Networking Ultra",Networking,Microsoft,"Ultra 8962",SN00000715,"Professional grade - Unit 715",good
AST00716,"Microsoft Computers Premium",Computers,Microsoft,"Premium 1806",SN00000716,"Industrial equipment - Unit 716",damage
AST00717,"Razer Computers Standard",Computers,Razer,"Standard 4891",SN00000717,"Desktop unit - Unit 717",damage
AST00718,"Microsoft Monitors Standard",Monitors,Microsoft,"Standard 6453",SN00000718,"Portable device - Unit 718",damage
AST00719,"Razer Audio Ultra",Audio,Razer,"Ultra 1062",SN00000719,"Desktop unit - Unit 719",damage
AST00720,"ASUS Peripherals Lite",Peripherals,ASUS,"Lite 8037",SN00000720,"Compact model - Unit 720",good
AST00721,"Lenovo Storage Advanced",Storage,Lenovo,"Advanced 9920",SN00000721,"High-performance device - Unit 721",good
AST00722,"Dell Accessories Plus",Accessories,Dell,"Plus 7321",SN00000722,"Compact model - Unit 722",good
AST00723,"Lenovo Networking Lite",Networking,Lenovo,"Lite 1632",SN00000723,"Desktop unit - Unit 723",good
AST00724,"Razer Accessories Plus",Accessories,Razer,"Plus 3092",SN00000724,"Industrial equipment - Unit 724",damage
AST00725,"HP Cameras Deluxe",Cameras,HP,"Deluxe 7508",SN00000725,"High-performance device - Unit 725",good
AST00726,"Apple Monitors Premium",Monitors,Apple,"Premium 4039",SN00000726,"Desktop unit - Unit 726",good
AST00727,"Razer Projectors Pro",Projectors,Razer,"Pro 6007",SN00000727,"Industrial equipment - Unit 727",damage
AST00728,"Epson Computers Pro",Computers,Epson,"Pro 3862",SN00000728,"Budget friendly - Unit 728",good
AST00729,"Logitech Computers Plus",Computers,Logitech,"Plus 5842",SN00000729,"Industrial equipment - Unit 729",good
AST00730,"Microsoft Cameras Max",Cameras,Microsoft,"Max 3485",SN00000730,"Desktop unit - Unit 730",good
AST00731,"Razer Projectors Pro",Projectors,Razer,"Pro 7056",SN00000731,"High-performance device - Unit 731",damage
AST00732,"Dell Projectors Standard",Projectors,Dell,"Standard 4758",SN00000732,"Enterprise solution - Unit 732",damage
AST00733,"Epson Accessories Premium",Accessories,Epson,"Premium 9401",SN00000733,"Professional grade - Unit 733",good
AST00734,"Epson Computers Standard",Computers,Epson,"Standard 5049",SN00000734,"Compact model - Unit 734",damage
AST00735,"Apple Audio Pro",Audio,Apple,"Pro 7746",SN00000735,"Industrial equipment - Unit 735",good
AST00736,"Razer Storage Lite",Storage,Razer,"Lite 9850",SN00000736,"Reliable office equipment - Unit 736",damage
AST00737,"Microsoft Accessories Plus",Accessories,Microsoft,"Plus 5481",SN00000737,"Industrial equipment - Unit 737",good
AST00738,"Canon Networking Plus",Networking,Canon,"Plus 3095",SN00000738,"High-performance device - Unit 738",damage
AST00739,"Canon Projectors Max",Projectors,Canon,"Max 2560",SN00000739,"Compact model - Unit 739",damage
AST00740,"Apple Audio Advanced",Audio,Apple,"Advanced 3621",SN00000740,"Industrial equipment - Unit 740",damage
AST00741,"Lenovo Cameras Standard",Cameras,Lenovo,"Standard 5952",SN00000741,"Desktop unit - Unit 741",good
AST00742,"Samsung Networking Max",Networking,Samsung,"Max 8046",SN00000742,"Consumer grade - Unit 742",damage
AST00743,"Microsoft Accessories Basic",Accessories,Microsoft,"Basic 4530",SN00000743,"Industrial equipment - Unit 743",damage
AST00744,"Lenovo Monitors Plus",Monitors,Lenovo,"Plus 8175",SN00000744,"Professional grade - Unit 744",good
AST00745,"Logitech Projectors Pro",Projectors,Logitech,"Pro 7269",SN00000745,"Enterprise solution - Unit 745",damage
AST00746,"Dell Computers Pro",Computers,Dell,"Pro 2008",SN00000746,"Industrial equipment - Unit 746",good
AST00747,"Microsoft Peripherals Premium",Peripherals,Microsoft,"Premium 2243",SN00000747,"Professional grade - Unit 747",damage
AST00748,"Razer Computers Max",Computers,Razer,"Max 5138",SN00000748,"Reliable office equipment - Unit 748",damage
AST00749,"Logitech Monitors Lite",Monitors,Logitech,"Lite 4767",SN00000749,"Compact model - Unit 749",damage
AST00750,"Lenovo Printers Max",Printers,Lenovo,"Max 4164",SN00000750,"Consumer grade - Unit 750",good
AST00751,"Apple Monitors Advanced",Monitors,Apple,"Advanced 1706",SN00000751,"Industrial equipment - Unit 751",damage
AST00752,"HP Accessories Pro",Accessories,HP,"Pro 1484",SN00000752,"Industrial equipment - Unit 752",damage
AST00753,"HP Monitors Basic",Monitors,HP,"Basic 7906",SN00000753,"Compact model - Unit 753",good
AST00754,"Dell Accessories Standard",Accessories,Dell,"Standard 2898",SN00000754,"Enterprise solution - Unit 754",damage
AST00755,"Lenovo Storage Plus",Storage,Lenovo,"Plus 7639",SN00000755,"Professional grade - Unit 755",damage
AST00756,"Apple Printers Ultra",Printers,Apple,"Ultra 7528",SN00000756,"Budget friendly - Unit 756",damage
AST00757,"HP Computers Basic",Computers,HP,"Basic 9135",SN00000757,"Consumer grade - Unit 757",good
AST00758,"Dell Monitors Premium",Monitors,Dell,"Premium 8365",SN00000758,"Desktop unit - Unit 758",damage
AST00759,"Lenovo Networking Deluxe",Networking,Lenovo,"Deluxe 4778",SN00000759,"Compact model - Unit 759",damage
AST00760,"Corsair Monitors Pro",Monitors,Corsair,"Pro 4959",SN00000760,"Professional grade - Unit 760",damage
AST00761,"Canon Storage Lite",Storage,Canon,"Lite 6605",SN00000761,"Consumer grade - Unit 761",damage
AST00762,"Acer Monitors Advanced",Monitors,Acer,"Advanced 9887",SN00000762,"Consumer grade - Unit 762",good
AST00763,"Samsung Networking Basic",Networking,Samsung,"Basic 8658",SN00000763,"Enterprise solution - Unit 763",damage
AST00764,"Epson Audio Advanced",Audio,Epson,"Advanced 7009",SN00000764,"Budget friendly - Unit 764",damage
AST00765,"Razer Projectors Max",Projectors,Razer,"Max 5697",SN00000765,"Industrial equipment - Unit 765",good
AST00766,"Apple Accessories Max",Accessories,Apple,"Max 6199",SN00000766,"Industrial equipment - Unit 766",good
AST00767,"Microsoft Accessories Max",Accessories,Microsoft,"Max 6763",SN00000767,"High-performance device - Unit 767",good
AST00768,"Epson Peripherals Advanced",Peripherals,Epson,"Advanced 3418",SN00000768,"Industrial equipment - Unit 768",good
AST00769,"HP Networking Deluxe",Networking,HP,"Deluxe 9524",SN00000769,"Budget friendly - Unit 769",damage
AST00770,"Lenovo Cameras Plus",Cameras,Lenovo,"Plus 1021",SN00000770,"Portable device - Unit 770",good
AST00771,"LG Audio Max",Audio,LG,"Max 2585",SN00000771,"Portable device - Unit 771",good
AST00772,"LG Monitors Max",Monitors,LG,"Max 3278",SN00000772,"Industrial equipment - Unit 772",good
AST00773,"Logitech Peripherals Premium",Peripherals,Logitech,"Premium 8916",SN00000773,"Professional grade - Unit 773",damage
AST00774,"Samsung Storage Pro",Storage,Samsung,"Pro 7355",SN00000774,"Compact model - Unit 774",damage
AST00775,"Corsair Audio Lite",Audio,Corsair,"Lite 9082",SN00000775,"Budget friendly - Unit 775",good
AST00776,"Dell Storage Plus",Storage,Dell,"Plus 4490",SN00000776,"Industrial equipment - Unit 776",damage
AST00777,"HP Storage Deluxe",Storage,HP,"Deluxe 4168",SN00000777,"Reliable office equipment - Unit 777",good
AST00778,"Epson Printers Plus",Printers,Epson,"Plus 8099",SN00000778,"Enterprise solution - Unit 778",good
AST00779,"Netgear Networking Deluxe",Networking,Netgear,"Deluxe 6628",SN00000779,"Professional grade - Unit 779",damage
AST00780,"Lenovo Printers Basic",Printers,Lenovo,"Basic 9999",SN00000780,"Enterprise solution - Unit 780",damage
AST00781,"Canon Storage Basic",Storage,Canon,"Basic 5528",SN00000781,"Portable device - Unit 781",damage
AST00782,"Canon Audio Deluxe",Audio,Canon,"Deluxe 7883",SN00000782,"High-performance device - Unit 782",good
AST00783,"Netgear Printers Max",Printers,Netgear,"Max 6093",SN00000783,"Industrial equipment - Unit 783",damage
AST00784,"Acer Projectors Ultra",Projectors,Acer,"Ultra 5934",SN00000784,"Industrial equipment - Unit 784",good
AST00785,"Dell Projectors Deluxe",Projectors,Dell,"Deluxe 2010",SN00000785,"Portable device - Unit 785",damage
AST00786,"HP Cameras Basic",Cameras,HP,"Basic 7920",SN00000786,"Desktop unit - Unit 786",good
AST00787,"Canon Audio Pro",Audio,Canon,"Pro 6554",SN00000787,"Consumer grade - Unit 787",damage
AST00788,"Acer Accessories Ultra",Accessories,Acer,"Ultra 8231",SN00000788,"Compact model - Unit 788",damage
AST00789,"HP Projectors Basic",Projectors,HP,"Basic 4556",SN00000789,"Portable device - Unit 789",damage
AST00790,"HP Accessories Plus",Accessories,HP,"Plus 9122",SN00000790,"Enterprise solution - Unit 790",good
AST00791,"ASUS Audio Basic",Audio,ASUS,"Basic 5642",SN00000791,"Reliable office equipment - Unit 791",damage
AST00792,"Logitech Monitors Premium",Monitors,Logitech,"Premium 5549",SN00000792,"Industrial equipment - Unit 792",good
AST00793,"Dell Monitors Pro",Monitors,Dell,"Pro 2387",SN00000793,"Compact model - Unit 793",good
AST00794,"Samsung Computers Standard",Computers,Samsung,"Standard 3993",SN00000794,"Consumer grade - Unit 794",good
AST00795,"Lenovo Cameras Plus",Cameras,Lenovo,"Plus 4714",SN00000795,"Professional grade - Unit 795",damage
AST00796,"Samsung Networking Plus",Networking,Samsung,"Plus 7809",SN00000796,"Budget friendly - Unit 796",damage
AST00797,"Netgear Audio Lite",Audio,Netgear,"Lite 7943",SN00000797,"Desktop unit - Unit 797",good
AST00798,"Samsung Accessories Plus",Accessories,Samsung,"Plus 2757",SN00000798,"Compact model - Unit 798",good
AST00799,"Lenovo Projectors Lite",Projectors,Lenovo,"Lite 9221",SN00000799,"Reliable office equipment - Unit 799",good
AST00800,"Apple Monitors Basic",Monitors,Apple,"Basic 1715",SN00000800,"Enterprise solution - Unit 800",damage
AST00801,"Razer Storage Plus",Storage,Razer,"Plus 3423",SN00000801,"Enterprise solution - Unit 801",damage
AST00802,"HP Printers Basic",Printers,HP,"Basic 4429",SN00000802,"Reliable office equipment - Unit 802",good
AST00803,"Samsung Audio Basic",Audio,Samsung,"Basic 5283",SN00000803,"Enterprise solution - Unit 803",good
AST00804,"ASUS Networking Ultra",Networking,ASUS,"Ultra 9813",SN00000804,"Compact model - Unit 804",good
AST00805,"Netgear Storage Max",Storage,Netgear,"Max 9189",SN00000805,"Professional grade - Unit 805",good
AST00806,"Corsair Peripherals Premium",Peripherals,Corsair,"Premium 8145",SN00000806,"Reliable office equipment - Unit 806",damage
AST00807,"Epson Projectors Pro",Projectors,Epson,"Pro 1045",SN00000807,"Desktop unit - Unit 807",damage
AST00808,"Corsair Computers Max",Computers,Corsair,"Max 1758",SN00000808,"Compact model - Unit 808",good
AST00809,"Lenovo Monitors Ultra",Monitors,Lenovo,"Ultra 6629",SN00000809,"Desktop unit - Unit 809",damage
AST00810,"HP Networking Advanced",Networking,HP,"Advanced 4984",SN00000810,"Budget friendly - Unit 810",damage
AST00811,"Apple Accessories Max",Accessories,Apple,"Max 1808",SN00000811,"Consumer grade - Unit 811",damage
AST00812,"Logitech Networking Premium",Networking,Logitech,"Premium 1864",SN00000812,"Compact model - Unit 812",damage
AST00813,"Lenovo Projectors Basic",Projectors,Lenovo,"Basic 5012",SN00000813,"Consumer grade - Unit 813",good
AST00814,"Dell Accessories Max",Accessories,Dell,"Max 3163",SN00000814,"Industrial equipment - Unit 814",damage
AST00815,"Razer Audio Lite",Audio,Razer,"Lite 3291",SN00000815,"Compact model - Unit 815",good
AST00816,"Lenovo Accessories Deluxe",Accessories,Lenovo,"Deluxe 2577",SN00000816,"Compact model - Unit 816",damage
AST00817,"Epson Projectors Premium",Projectors,Epson,"Premium 2709",SN00000817,"Industrial equipment - Unit 817",good
AST00818,"Netgear Cameras Premium",Cameras,Netgear,"Premium 6004",SN00000818,"Enterprise solution - Unit 818",damage
AST00819,"Lenovo Cameras Plus",Cameras,Lenovo,"Plus 7023",SN00000819,"Professional grade - Unit 819",good
AST00820,"HP Computers Plus",Computers,HP,"Plus 8748",SN00000820,"Compact model - Unit 820",damage
AST00821,"Dell Computers Max",Computers,Dell,"Max 7469",SN00000821,"Budget friendly - Unit 821",damage
AST00822,"Samsung Printers Plus",Printers,Samsung,"Plus 2856",SN00000822,"Compact model - Unit 822",good
AST00823,"Corsair Accessories Lite",Accessories,Corsair,"Lite 1725",SN00000823,"Desktop unit - Unit 823",good
AST00824,"Netgear Projectors Max",Projectors,Netgear,"Max 3210",SN00000824,"Portable device - Unit 824",damage
AST00825,"HP Peripherals Ultra",Peripherals,HP,"Ultra 4823",SN00000825,"Budget friendly - Unit 825",damage
AST00826,"Canon Printers Premium",Printers,Canon,"Premium 4133",SN00000826,"Enterprise solution - Unit 826",good
AST00827,"Acer Audio Lite",Audio,Acer,"Lite 6775",SN00000827,"Portable device - Unit 827",good
AST00828,"Lenovo Computers Lite",Computers,Lenovo,"Lite 5696",SN00000828,"High-performance device - Unit 828",good
AST00829,"Razer Monitors Pro",Monitors,Razer,"Pro 3354",SN00000829,"Desktop unit - Unit 829",good
AST00830,"Razer Peripherals Basic",Peripherals,Razer,"Basic 4184",SN00000830,"Compact model - Unit 830",damage
AST00831,"Dell Accessories Deluxe",Accessories,Dell,"Deluxe 7989",SN00000831,"Compact model - Unit 831",damage
AST00832,"HP Computers Advanced",Computers,HP,"Advanced 7194",SN00000832,"Budget friendly - Unit 832",damage
AST00833,"Epson Networking Deluxe",Networking,Epson,"Deluxe 6185",SN00000833,"Industrial equipment - Unit 833",damage
AST00834,"Netgear Cameras Max",Cameras,Netgear,"Max 2890",SN00000834,"Industrial equipment - Unit 834",good
AST00835,"Razer Accessories Deluxe",Accessories,Razer,"Deluxe 8706",SN00000835,"Compact model - Unit 835",damage
AST00836,"Apple Accessories Advanced",Accessories,Apple,"Advanced 3171",SN00000836,"Reliable office equipment - Unit 836",damage
AST00837,"Razer Networking Max",Networking,Razer,"Max 9605",SN00000837,"Desktop unit - Unit 837",good
AST00838,"Epson Computers Advanced",Computers,Epson,"Advanced 6692",SN00000838,"Consumer grade - Unit 838",damage
AST00839,"Microsoft Monitors Advanced",Monitors,Microsoft,"Advanced 2957",SN00000839,"Reliable office equipment - Unit 839",damage
AST00840,"Epson Accessories Pro",Accessories,Epson,"Pro 3482",SN00000840,"Portable device - Unit 840",good
AST00841,"Epson Storage Advanced",Storage,Epson,"Advanced 5201",SN00000841,"Desktop unit - Unit 841",good
AST00842,"Apple Peripherals Standard",Peripherals,Apple,"Standard 6336",SN00000842,"Compact model - Unit 842",damage
AST00843,"Epson Cameras Premium",Cameras,Epson,"Premium 8836",SN00000843,"Desktop unit - Unit 843",good
AST00844,"Microsoft Storage Advanced",Storage,Microsoft,"Advanced 2533",SN00000844,"Desktop unit - Unit 844",good
AST00845,"Samsung Peripherals Basic",Peripherals,Samsung,"Basic 9902",SN00000845,"High-performance device - Unit 845",damage
AST00846,"Netgear Peripherals Basic",Peripherals,Netgear,"Basic 3660",SN00000846,"Budget friendly - Unit 846",good
AST00847,"Samsung Networking Deluxe",Networking,Samsung,"Deluxe 5712",SN00000847,"Compact model - Unit 847",damage
AST00848,"Samsung Cameras Lite",Cameras,Samsung,"Lite 3546",SN00000848,"High-performance device - Unit 848",damage
AST00849,"ASUS Printers Advanced",Printers,ASUS,"Advanced 9637",SN00000849,"Portable device - Unit 849",good
AST00850,"HP Monitors Premium",Monitors,HP,"Premium 1016",SN00000850,"Enterprise solution - Unit 850",good
AST00851,"Acer Projectors Ultra",Projectors,Acer,"Ultra 8888",SN00000851,"Reliable office equipment - Unit 851",good
AST00852,"Epson Monitors Lite",Monitors,Epson,"Lite 4094",SN00000852,"Professional grade - Unit 852",damage
AST00853,"LG Monitors Advanced",Monitors,LG,"Advanced 1998",SN00000853,"Professional grade - Unit 853",damage
AST00854,"LG Computers Deluxe",Computers,LG,"Deluxe 4309",SN00000854,"Desktop unit - Unit 854",good
AST00855,"Corsair Peripherals Max",Peripherals,Corsair,"Max 2364",SN00000855,"High-performance device - Unit 855",damage
AST00856,"Apple Computers Pro",Computers,Apple,"Pro 6384",SN00000856,"Compact model - Unit 856",damage
AST00857,"Apple Audio Plus",Audio,Apple,"Plus 6533",SN00000857,"Consumer grade - Unit 857",good
AST00858,"Samsung Peripherals Deluxe",Peripherals,Samsung,"Deluxe 8745",SN00000858,"Industrial equipment - Unit 858",damage
AST00859,"Epson Networking Basic",Networking,Epson,"Basic 4453",SN00000859,"Portable device - Unit 859",good
AST00860,"Corsair Monitors Standard",Monitors,Corsair,"Standard 2431",SN00000860,"Enterprise solution - Unit 860",good
AST00861,"Samsung Cameras Plus",Cameras,Samsung,"Plus 6392",SN00000861,"Desktop unit - Unit 861",damage
AST00862,"Acer Storage Lite",Storage,Acer,"Lite 9159",SN00000862,"Desktop unit - Unit 862",damage
AST00863,"Microsoft Printers Advanced",Printers,Microsoft,"Advanced 2271",SN00000863,"Professional grade - Unit 863",damage
AST00864,"Netgear Accessories Plus",Accessories,Netgear,"Plus 7842",SN00000864,"Enterprise solution - Unit 864",damage
AST00865,"LG Peripherals Standard",Peripherals,LG,"Standard 9600",SN00000865,"High-performance device - Unit 865",damage
AST00866,"ASUS Networking Basic",Networking,ASUS,"Basic 2620",SN00000866,"Industrial equipment - Unit 866",good
AST00867,"Dell Networking Deluxe",Networking,Dell,"Deluxe 4829",SN00000867,"Compact model - Unit 867",good
AST00868,"Apple Storage Advanced",Storage,Apple,"Advanced 8354",SN00000868,"Desktop unit - Unit 868",damage
AST00869,"Epson Monitors Ultra",Monitors,Epson,"Ultra 7902",SN00000869,"Reliable office equipment - Unit 869",good
AST00870,"HP Cameras Deluxe",Cameras,HP,"Deluxe 1648",SN00000870,"Enterprise solution - Unit 870",damage
AST00871,"Dell Storage Deluxe",Storage,Dell,"Deluxe 1814",SN00000871,"Enterprise solution - Unit 871",good
AST00872,"HP Cameras Standard",Cameras,HP,"Standard 9970",SN00000872,"Compact model - Unit 872",good
AST00873,"Netgear Monitors Standard",Monitors,Netgear,"Standard 6250",SN00000873,"Professional grade - Unit 873",good
AST00874,"Corsair Cameras Max",Cameras,Corsair,"Max 7115",SN00000874,"Industrial equipment - Unit 874",good
AST00875,"Lenovo Monitors Max",Monitors,Lenovo,"Max 4476",SN00000875,"Budget friendly - Unit 875",good
AST00876,"LG Storage Max",Storage,LG,"Max 2223",SN00000876,"Industrial equipment - Unit 876",damage
AST00877,"Microsoft Networking Pro",Networking,Microsoft,"Pro 3261",SN00000877,"Compact model - Unit 877",good
AST00878,"Apple Networking Advanced",Networking,Apple,"Advanced 7655",SN00000878,"Budget friendly - Unit 878",good
AST00879,"Epson Cameras Premium",Cameras,Epson,"Premium 1597",SN00000879,"Compact model - Unit 879",damage
AST00880,"Apple Audio Lite",Audio,Apple,"Lite 2886",SN00000880,"Industrial equipment - Unit 880",damage
AST00881,"Microsoft Networking Ultra",Networking,Microsoft,"Ultra 5747",SN00000881,"Reliable office equipment - Unit 881",good
AST00882,"Razer Projectors Ultra",Projectors,Razer,"Ultra 3407",SN00000882,"Reliable office equipment - Unit 882",damage
AST00883,"Microsoft Peripherals Premium",Peripherals,Microsoft,"Premium 9494",SN00000883,"Consumer grade - Unit 883",good
AST00884,"Dell Projectors Deluxe",Projectors,Dell,"Deluxe 5546",SN00000884,"Reliable office equipment - Unit 884",damage
AST00885,"Samsung Cameras Standard",Cameras,Samsung,"Standard 8819",SN00000885,"Industrial equipment - Unit 885",damage
AST00886,"Epson Storage Deluxe",Storage,Epson,"Deluxe 8319",SN00000886,"High-performance device - Unit 886",damage
AST00887,"Razer Monitors Max",Monitors,Razer,"Max 9274",SN00000887,"High-performance device - Unit 887",damage
AST00888,"Apple Audio Pro",Audio,Apple,"Pro 6491",SN00000888,"Portable device - Unit 888",damage
AST00889,"LG Cameras Plus",Cameras,LG,"Plus 6317",SN00000889,"Budget friendly - Unit 889",damage
AST00890,"Apple Accessories Standard",Accessories,Apple,"Standard 8076",SN00000890,"High-performance device - Unit 890",good
AST00891,"Canon Monitors Ultra",Monitors,Canon,"Ultra 2536",SN00000891,"Budget friendly - Unit 891",damage
AST00892,"Dell Peripherals Deluxe",Peripherals,Dell,"Deluxe 3510",SN00000892,"Desktop unit - Unit 892",good
AST00893,"Corsair Accessories Standard",Accessories,Corsair,"Standard 9558",SN00000893,"Budget friendly - Unit 893",damage
AST00894,"LG Cameras Lite",Cameras,LG,"Lite 8605",SN00000894,"Budget friendly - Unit 894",good
AST00895,"Lenovo Peripherals Premium",Peripherals,Lenovo,"Premium 5227",SN00000895,"High-performance device - Unit 895",good
AST00896,"LG Monitors Plus",Monitors,LG,"Plus 6057",SN00000896,"Portable device - Unit 896",good
AST00897,"Acer Printers Basic",Printers,Acer,"Basic 9682",SN00000897,"Enterprise solution - Unit 897",good
AST00898,"Microsoft Projectors Deluxe",Projectors,Microsoft,"Deluxe 7500",SN00000898,"High-performance device - Unit 898",good
AST00899,"Netgear Cameras Standard",Cameras,Netgear,"Standard 6906",SN00000899,"Desktop unit - Unit 899",good
AST00900,"HP Networking Advanced",Networking,HP,"Advanced 6184",SN00000900,"Enterprise solution - Unit 900",damage
AST00901,"Microsoft Computers Ultra",Computers,Microsoft,"Ultra 7828",SN00000901,"Reliable office equipment - Unit 901",good
AST00902,"HP Storage Lite",Storage,HP,"Lite 9740",SN00000902,"Budget friendly - Unit 902",damage
AST00903,"Microsoft Audio Deluxe",Audio,Microsoft,"Deluxe 5329",SN00000903,"Portable device - Unit 903",damage
AST00904,"Apple Storage Pro",Storage,Apple,"Pro 7055",SN00000904,"Desktop unit - Unit 904",good
AST00905,"Razer Cameras Ultra",Cameras,Razer,"Ultra 4531",SN00000905,"Reliable office equipment - Unit 905",good
AST00906,"Canon Projectors Ultra",Projectors,Canon,"Ultra 1918",SN00000906,"Compact model - Unit 906",good
AST00907,"Apple Audio Basic",Audio,Apple,"Basic 4864",SN00000907,"High-performance device - Unit 907",good
AST00908,"Logitech Cameras Ultra",Cameras,Logitech,"Ultra 3789",SN00000908,"Professional grade - Unit 908",good
AST00909,"Samsung Accessories Pro",Accessories,Samsung,"Pro 6232",SN00000909,"Compact model - Unit 909",good
AST00910,"Lenovo Audio Lite",Audio,Lenovo,"Lite 7995",SN00000910,"Portable device - Unit 910",good
AST00911,"Razer Audio Deluxe",Audio,Razer,"Deluxe 2679",SN00000911,"Budget friendly - Unit 911",damage
AST00912,"Netgear Peripherals Pro",Peripherals,Netgear,"Pro 1471",SN00000912,"Consumer grade - Unit 912",good
AST00913,"Netgear Networking Lite",Networking,Netgear,"Lite 4955",SN00000913,"Industrial equipment - Unit 913",good
AST00914,"Razer Computers Ultra",Computers,Razer,"Ultra 6931",SN00000914,"Portable device - Unit 914",good
AST00915,"Acer Peripherals Max",Peripherals,Acer,"Max 5553",SN00000915,"High-performance device - Unit 915",good
AST00916,"Epson Computers Plus",Computers,Epson,"Plus 6462",SN00000916,"Portable device - Unit 916",damage
AST00917,"ASUS Cameras Basic",Cameras,ASUS,"Basic 9448",SN00000917,"Budget friendly - Unit 917",damage
AST00918,"Razer Computers Deluxe",Computers,Razer,"Deluxe 7237",SN00000918,"High-performance device - Unit 918",good
AST00919,"Netgear Printers Premium",Printers,Netgear,"Premium 3453",SN00000919,"Reliable office equipment - Unit 919",damage
AST00920,"Apple Networking Plus",Networking,Apple,"Plus 7363",SN00000920,"Reliable office equipment - Unit 920",damage
AST00921,"Logitech Networking Pro",Networking,Logitech,"Pro 1737",SN00000921,"Professional grade - Unit 921",good
AST00922,"Lenovo Audio Ultra",Audio,Lenovo,"Ultra 1884",SN00000922,"High-performance device - Unit 922",damage
AST00923,"ASUS Cameras Max",Cameras,ASUS,"Max 1734",SN00000923,"Compact model - Unit 923",good
AST00924,"Microsoft Networking Basic",Networking,Microsoft,"Basic 1946",SN00000924,"Enterprise solution - Unit 924",good
AST00925,"ASUS Networking Premium",Networking,ASUS,"Premium 3941",SN00000925,"Compact model - Unit 925",good
AST00926,"Acer Printers Ultra",Printers,Acer,"Ultra 1374",SN00000926,"Compact model - Unit 926",damage
AST00927,"Samsung Projectors Standard",Projectors,Samsung,"Standard 8838",SN00000927,"Professional grade - Unit 927",good
AST00928,"Logitech Projectors Plus",Projectors,Logitech,"Plus 8571",SN00000928,"Professional grade - Unit 928",good
AST00929,"Razer Networking Standard",Networking,Razer,"Standard 1508",SN00000929,"High-performance device - Unit 929",damage
AST00930,"Netgear Peripherals Advanced",Peripherals,Netgear,"Advanced 2409",SN00000930,"Desktop unit - Unit 930",damage
AST00931,"Netgear Peripherals Lite",Peripherals,Netgear,"Lite 9441",SN00000931,"Consumer grade - Unit 931",damage
AST00932,"Corsair Cameras Premium",Cameras,Corsair,"Premium 9968",SN00000932,"Industrial equipment - Unit 932",good
AST00933,"HP Cameras Basic",Cameras,HP,"Basic 4472",SN00000933,"Professional grade - Unit 933",good
AST00934,"HP Projectors Deluxe",Projectors,HP,"Deluxe 7662",SN00000934,"Enterprise solution - Unit 934",good
AST00935,"ASUS Computers Deluxe",Computers,ASUS,"Deluxe 2897",SN00000935,"Portable device - Unit 935",damage
AST00936,"Samsung Monitors Standard",Monitors,Samsung,"Standard 4321",SN00000936,"Professional grade - Unit 936",good
AST00937,"Samsung Projectors Premium",Projectors,Samsung,"Premium 8324",SN00000937,"Consumer grade - Unit 937",damage
AST00938,"Corsair Cameras Ultra",Cameras,Corsair,"Ultra 8134",SN00000938,"Portable device - Unit 938",good
AST00939,"ASUS Cameras Basic",Cameras,ASUS,"Basic 2365",SN00000939,"Desktop unit - Unit 939",good
AST00940,"Corsair Storage Plus",Storage,Corsair,"Plus 3161",SN00000940,"Reliable office equipment - Unit 940",good
AST00941,"Corsair Printers Standard",Printers,Corsair,"Standard 9986",SN00000941,"High-performance device - Unit 941",damage
AST00942,"Netgear Computers Premium",Computers,Netgear,"Premium 8713",SN00000942,"Portable device - Unit 942",good
AST00943,"Apple Monitors Standard",Monitors,Apple,"Standard 5548",SN00000943,"Enterprise solution - Unit 943",good
AST00944,"Corsair Audio Advanced",Audio,Corsair,"Advanced 4575",SN00000944,"Portable device - Unit 944",good
AST00945,"HP Monitors Advanced",Monitors,HP,"Advanced 7664",SN00000945,"Professional grade - Unit 945",good
AST00946,"HP Projectors Pro",Projectors,HP,"Pro 5457",SN00000946,"Enterprise solution - Unit 946",good
AST00947,"Acer Accessories Ultra",Accessories,Acer,"Ultra 4985",SN00000947,"High-performance device - Unit 947",damage
AST00948,"Razer Networking Premium",Networking,Razer,"Premium 1429",SN00000948,"Consumer grade - Unit 948",damage
AST00949,"Netgear Networking Premium",Networking,Netgear,"Premium 5304",SN00000949,"Reliable office equipment - Unit 949",good
AST00950,"Razer Monitors Premium",Monitors,Razer,"Premium 6820",SN00000950,"Consumer grade - Unit 950",good
AST00951,"Logitech Accessories Basic",Accessories,Logitech,"Basic 7292",SN00000951,"Consumer grade - Unit 951",damage
AST00952,"Microsoft Monitors Ultra",Monitors,Microsoft,"Ultra 8425",SN00000952,"Portable device - Unit 952",good
AST00953,"Netgear Storage Advanced",Storage,Netgear,"Advanced 6817",SN00000953,"Compact model - Unit 953",damage
AST00954,"Netgear Monitors Max",Monitors,Netgear,"Max 7308",SN00000954,"Portable device - Unit 954",damage
AST00955,"Epson Printers Lite",Printers,Epson,"Lite 4116",SN00000955,"Budget friendly - Unit 955",good
AST00956,"Apple Accessories Deluxe",Accessories,Apple,"Deluxe 3398",SN00000956,"Enterprise solution - Unit 956",damage
AST00957,"Dell Accessories Ultra",Accessories,Dell,"Ultra 3437",SN00000957,"Enterprise solution - Unit 957",good
AST00958,"LG Peripherals Ultra",Peripherals,LG,"Ultra 4031",SN00000958,"Consumer grade - Unit 958",good
AST00959,"Netgear Cameras Deluxe",Cameras,Netgear,"Deluxe 6081",SN00000959,"Industrial equipment - Unit 959",damage
AST00960,"Samsung Computers Lite",Computers,Samsung,"Lite 3306",SN00000960,"Compact model - Unit 960",good
AST00961,"Corsair Cameras Plus",Cameras,Corsair,"Plus 6174",SN00000961,"Desktop unit - Unit 961",damage
AST00962,"Razer Storage Pro",Storage,Razer,"Pro 1223",SN00000962,"Consumer grade - Unit 962",damage
AST00963,"Epson Accessories Ultra",Accessories,Epson,"Ultra 1223",SN00000963,"Budget friendly - Unit 963",good
AST00964,"Netgear Computers Premium",Computers,Netgear,"Premium 6609",SN00000964,"Consumer grade - Unit 964",damage
AST00965,"Netgear Accessories Lite",Accessories,Netgear,"Lite 5005",SN00000965,"Enterprise solution - Unit 965",damage
AST00966,"Microsoft Projectors Standard",Projectors,Microsoft,"Standard 8054",SN00000966,"High-performance device - Unit 966",damage
AST00967,"LG Accessories Standard",Accessories,LG,"Standard 1010",SN00000967,"Consumer grade - Unit 967",good
AST00968,"Lenovo Monitors Ultra",Monitors,Lenovo,"Ultra 4847",SN00000968,"Enterprise solution - Unit 968",good
AST00969,"Apple Storage Plus",Storage,Apple,"Plus 9579",SN00000969,"Professional grade - Unit 969",good
AST00970,"HP Cameras Deluxe",Cameras,HP,"Deluxe 9132",SN00000970,"Enterprise solution - Unit 970",good
AST00971,"ASUS Peripherals Pro",Peripherals,ASUS,"Pro 8167",SN00000971,"Industrial equipment - Unit 971",damage
AST00972,"HP Networking Lite",Networking,HP,"Lite 9484",SN00000972,"Professional grade - Unit 972",damage
AST00973,"LG Audio Max",Audio,LG,"Max 8036",SN00000973,"Budget friendly - Unit 973",damage
AST00974,"Microsoft Cameras Premium",Cameras,Microsoft,"Premium 9318",SN00000974,"Desktop unit - Unit 974",good
AST00975,"Razer Monitors Advanced",Monitors,Razer,"Advanced 7996",SN00000975,"Consumer grade - Unit 975",damage
AST00976,"Razer Accessories Premium",Accessories,Razer,"Premium 8304",SN00000976,"Compact model - Unit 976",damage
AST00977,"Netgear Printers Advanced",Printers,Netgear,"Advanced 4366",SN00000977,"Enterprise solution - Unit 977",good
AST00978,"Corsair Storage Premium",Storage,Corsair,"Premium 6561",SN00000978,"High-performance device - Unit 978",damage
AST00979,"Corsair Accessories Premium",Accessories,Corsair,"Premium 2396",SN00000979,"Budget friendly - Unit 979",good
AST00980,"Apple Computers Standard",Computers,Apple,"Standard 6307",SN00000980,"Desktop unit - Unit 980",damage
AST00981,"ASUS Storage Basic",Storage,ASUS,"Basic 9424",SN00000981,"Portable device - Unit 981",damage
AST00982,"LG Printers Premium",Printers,LG,"Premium 1955",SN00000982,"Portable device - Unit 982",good
AST00983,"Razer Projectors Deluxe",Projectors,Razer,"Deluxe 5014",SN00000983,"Enterprise solution - Unit 983",damage
AST00984,"Lenovo Monitors Premium",Monitors,Lenovo,"Premium 4504",SN00000984,"Industrial equipment - Unit 984",damage
AST00985,"ASUS Monitors Lite",Monitors,ASUS,"Lite 6267",SN00000985,"Budget friendly - Unit 985",good
AST00986,"ASUS Printers Max",Printers,ASUS,"Max 4819",SN00000986,"Portable device - Unit 986",damage
AST00987,"Acer Monitors Basic",Monitors,Acer,"Basic 4050",SN00000987,"Professional grade - Unit 987",damage
AST00988,"ASUS Printers Standard",Printers,ASUS,"Standard 8363",SN00000988,"Enterprise solution - Unit 988",good
AST00989,"LG Audio Pro",Audio,LG,"Pro 4879",SN00000989,"Compact model - Unit 989",good
AST00990,"ASUS Monitors Ultra",Monitors,ASUS,"Ultra 5366",SN00000990,"High-performance device - Unit 990",good
AST00991,"Acer Cameras Advanced",Cameras,Acer,"Advanced 9718",SN00000991,"Enterprise solution - Unit 991",good
AST00992,"Lenovo Networking Pro",Networking,Lenovo,"Pro 2483",SN00000992,"Consumer grade - Unit 992",good
AST00993,"Logitech Networking Lite",Networking,Logitech,"Lite 6151",SN00000993,"Reliable office equipment - Unit 993",damage
AST00994,"Razer Audio Plus",Audio,Razer,"Plus 8630",SN00000994,"Desktop unit - Unit 994",damage
AST00995,"Acer Peripherals Ultra",Peripherals,Acer,"Ultra 8010",SN00000995,"Consumer grade - Unit 995",good
AST00996,"Lenovo Cameras Standard",Cameras,Lenovo,"Standard 6205",SN00000996,"Desktop unit - Unit 996",damage
AST00997,"LG Projectors Deluxe",Projectors,LG,"Deluxe 8695",SN00000997,"Compact model - Unit 997",good
AST00998,"ASUS Cameras Ultra",Cameras,ASUS,"Ultra 1736",SN00000998,"Reliable office equipment - Unit 998",good
AST00999,"Lenovo Networking Standard",Networking,Lenovo,"Standard 8616",SN00000999,"Consumer grade - Unit 999",good
AST01000,"ASUS Peripherals Max",Peripherals,ASUS,"Max 5275",SN00001000,"High-performance device - Unit 1000",damage
